timestamp_sec,scenario,t_pa,t_quiet,t_charge,t_emmc,t_battery,soc,screen_state,cpu0_freq,cpu4_freq,gpu_freq,cpu2_on,cpu3_on,cpu6_on,chg_limit,restrict_chg,restrict_cur
1784182201,normal_usage,37708,36979,38072,38437,36600,32,1,1190400,2400000,1260000000,1,1,1,0,1,1500000
1784182203,normal_usage,37708,36979,38072,38437,36500,32,1,691200,1766400,1260000000,1,1,1,0,1,1500000
1784182205,normal_usage,37656,36927,38020,38385,36500,32,1,691200,300000,1260000000,1,1,1,0,1,1500000
1784182207,normal_usage,37656,36927,38020,38489,36700,32,1,1900800,2400000,1260000000,1,1,1,0,1,1500000
1784182209,normal_usage,37656,36927,38177,39062,36500,32,1,1900800,2400000,1260000000,1,1,1,0,1,1500000
1784182211,normal_usage,37708,36927,38229,39114,36500,32,1,1900800,1766400,785000000,1,1,1,0,1,1500000
1784182213,normal_usage,37708,36927,38281,39114,36500,32,1,1804800,300000,320000000,1,1,1,0,1,1500000
1784182215,normal_usage,37760,36927,38385,39270,36600,32,1,1900800,2400000,1260000000,1,1,1,0,1,1500000
1784182217,normal_usage,37812,36927,38437,39375,36500,32,1,1516800,1766400,1260000000,1,1,1,0,1,1500000
1784182220,normal_usage,37812,36979,38489,39427,36700,32,1,1900800,2400000,1260000000,1,1,1,0,1,1500000
1784182222,normal_usage,37916,36979,38697,39895,36600,32,1,1190400,1766400,465000000,1,1,1,0,1,1500000
1784182224,normal_usage,38020,36979,38906,40058,36700,32,1,1516800,2208000,1260000000,1,1,1,0,1,1500000
1784182226,normal_usage,38072,37031,38958,39895,36600,32,1,1900800,1766400,1260000000,1,1,1,0,1,1500000
1784182228,normal_usage,38125,37083,38906,39791,36600,32,1,1900800,1766400,1260000000,1,1,1,0,1,1500000
1784182230,normal_usage,38125,37083,38906,39739,36600,32,1,1900800,2400000,1260000000,1,1,1,0,1,1500000
1784182232,normal_usage,38125,37135,38906,39739,36600,32,1,1516800,1766400,1260000000,1,1,1,0,1,1500000
1784182234,normal_usage,38177,37135,38854,39739,36800,32,1,691200,2400000,1260000000,1,1,1,0,1,1500000
1784182236,normal_usage,38177,37135,38906,39739,36700,32,1,940800,2400000,1260000000,1,1,1,0,1,1500000
1784182238,normal_usage,38177,37187,38854,39687,36700,32,1,1190400,2400000,1260000000,1,1,1,0,1,1500000
1784182240,normal_usage,38177,37187,38854,39635,36800,32,1,691200,2208000,1260000000,1,1,1,0,1,1500000
1784182242,normal_usage,38177,37187,38906,39947,36800,32,1,1900800,2208000,1260000000,1,1,1,0,1,1500000
1784182244,normal_usage,38229,37187,39010,40290,36800,32,1,1900800,2400000,1260000000,1,1,1,0,1,1500000
1784182246,normal_usage,38229,37239,39062,40348,36800,32,1,1900800,1766400,1260000000,1,1,1,0,1,1500000
1784182248,normal_usage,38281,37239,39062,40174,36700,32,1,1900800,2400000,1260000000,1,1,1,0,1,1500000
1784182251,normal_usage,38281,37239,39010,40058,36800,32,1,1900800,1766400,1260000000,1,1,1,0,1,1500000
1784182253,normal_usage,38281,37239,38958,40000,36700,32,1,1516800,2400000,1260000000,1,1,1,0,1,1500000
1784182255,normal_usage,38281,37291,38906,39947,36700,32,1,1900800,1766400,1260000000,1,1,1,0,1,1500000
1784182257,normal_usage,38281,37291,38906,39791,36800,32,1,1900800,2400000,1260000000,1,1,1,0,1,1500000
1784182259,normal_usage,38281,37291,38958,39947,36800,32,1,1900800,1766400,1260000000,1,1,1,0,1,1500000
1784182261,normal_usage,38281,37291,39010,40116,36800,32,1,1900800,2400000,1260000000,1,1,1,0,1,1500000
1784182263,normal_usage,38281,37291,39062,40174,36800,32,1,1900800,2400000,1260000000,1,1,1,0,1,1500000
1784182265,normal_usage,38333,37291,39114,40232,36700,32,1,1900800,1766400,1260000000,1,1,1,0,1,1500000
1784182267,normal_usage,38333,37291,39114,40174,36800,32,1,1900800,2208000,1260000000,1,1,1,0,1,1500000
1784182269,normal_usage,38333,37343,39114,40174,36800,32,1,1804800,2400000,1260000000,1,1,1,0,1,1500000
1784182271,normal_usage,38385,37343,39166,40406,36800,32,1,1190400,2400000,1260000000,1,1,1,0,1,1500000
1784182273,normal_usage,38385,37343,39166,40290,36800,32,1,1900800,2400000,1260000000,1,1,1,0,1,1500000
1784182275,normal_usage,38385,37343,39062,40116,36800,32,1,1900800,1766400,1260000000,1,1,1,0,1,1500000
1784182278,normal_usage,38385,37343,39010,39947,36800,32,1,1900800,1766400,1260000000,1,1,1,0,1,1500000
1784182280,normal_usage,38333,37343,38958,39843,36800,32,1,1900800,1766400,1260000000,1,1,1,0,1,1500000
1784182282,normal_usage,38333,37343,38906,39739,36800,32,1,691200,1766400,1260000000,1,1,1,0,1,1500000
1784182284,normal_usage,38281,37343,38854,39687,36800,32,1,940800,1766400,1260000000,1,1,1,0,1,1500000
1784182286,normal_usage,38281,37343,38802,39635,36700,32,1,1804800,1766400,1260000000,1,1,1,0,1,1500000
1784182288,normal_usage,38229,37343,38854,39687,36900,32,1,1900800,2400000,1260000000,1,1,1,0,1,1000000
1784182290,normal_usage,38229,37343,38906,39895,36800,32,1,1516800,2400000,1260000000,1,1,1,0,1,1500000
1784182292,normal_usage,38281,37343,38958,40058,36800,32,1,1190400,2400000,1260000000,1,1,1,0,1,1000000
1784182294,normal_usage,38281,37343,38958,40000,36800,32,1,1516800,2400000,1260000000,1,1,1,0,1,1500000
1784182296,normal_usage,38281,37343,38958,39895,36800,32,1,1190400,1766400,1260000000,1,1,1,0,1,1500000
1784182298,normal_usage,38281,37343,38906,39791,36800,32,1,1900800,1766400,1260000000,1,1,1,0,1,1500000
1784182300,normal_usage,38281,37343,38854,39739,36800,32,1,940800,1766400,1260000000,1,1,1,0,1,1500000
1784182303,normal_usage,38281,37343,38802,39687,36800,32,1,1900800,1766400,1260000000,1,1,1,0,1,1500000
1784182305,normal_usage,38281,37343,38854,39687,36900,32,1,1900800,2400000,1260000000,1,1,1,0,1,1500000
1784182307,normal_usage,38281,37343,38906,39895,36900,32,1,1900800,2400000,1260000000,1,1,1,0,1,1500000
1784182309,normal_usage,38281,37343,38958,39947,36800,32,1,1516800,2208000,1260000000,1,1,1,0,1,1500000
1784182311,normal_usage,38281,37343,38906,39843,36800,32,1,1900800,2208000,1260000000,1,1,1,0,1,1500000
1784182313,normal_usage,38281,37343,38958,39843,36800,32,1,300000,1766400,1260000000,1,1,1,0,1,1500000
1784182315,normal_usage,38281,37343,38958,39843,36800,32,1,300000,1766400,1260000000,1,1,1,0,1,1500000
1784182317,normal_usage,38281,37343,38958,39843,36800,32,1,300000,1766400,1260000000,1,1,1,0,1,1500000
1784182319,normal_usage,38333,37343,38906,39791,36800,32,1,300000,2400000,1260000000,1,1,1,0,1,1500000
1784182321,normal_usage,38281,37395,38906,39791,36800,32,1,1516800,1766400,1260000000,1,1,1,0,1,1500000
1784182323,normal_usage,38281,37395,38854,39739,36800,32,1,1516800,2400000,1260000000,1,1,1,0,1,1500000
1784182325,normal_usage,38281,37395,38854,39687,36800,32,1,300000,1766400,1260000000,1,1,1,0,1,1500000
1784182327,normal_usage,38281,37395,38854,39687,36800,32,1,1190400,2208000,1260000000,1,1,1,0,1,1500000
1784182329,normal_usage,38281,37395,38802,39635,36800,32,1,1516800,1766400,1260000000,1,1,1,0,1,1500000
1784182332,normal_usage,38281,37395,38802,39583,36800,32,1,1516800,2208000,1260000000,1,1,1,0,1,1500000
1784182334,normal_usage,38281,37395,38750,39583,36800,32,1,940800,1766400,1260000000,1,1,1,0,1,1500000
1784182336,normal_usage,38229,37395,38750,39583,36800,32,1,1190400,2208000,1260000000,1,1,1,0,1,1500000
1784182338,normal_usage,38229,37395,38750,39531,36700,32,1,300000,1766400,1260000000,1,1,1,0,1,1500000
1784182340,normal_usage,38229,37395,38697,39531,36800,32,1,1804800,1766400,1260000000,1,1,1,0,1,1500000
1784182342,normal_usage,38229,37395,38697,39531,36800,32,1,691200,1766400,1260000000,1,1,1,0,1,1500000
1784182344,normal_usage,38229,37395,38697,39479,36900,32,1,1900800,2208000,1260000000,1,1,1,0,1,1500000
1784182346,normal_usage,38177,37343,38697,39479,36800,32,1,1516800,1766400,1260000000,1,1,1,0,1,1500000
1784182348,normal_usage,38177,37395,38697,39479,36800,32,1,1900800,1766400,1260000000,1,1,1,0,1,1500000
1784182350,normal_usage,38177,37343,38697,39531,36800,32,1,1190400,2208000,1260000000,1,1,1,0,1,1500000
1784182352,normal_usage,38177,37343,38697,39531,36800,32,1,1900800,1766400,1260000000,1,1,1,0,1,1500000
1784182354,normal_usage,38177,37343,38697,39531,36800,32,1,1804800,1766400,1260000000,1,1,1,0,1,1500000
1784182357,normal_usage,38177,37395,38645,39479,36800,32,1,1516800,1766400,1260000000,1,1,1,0,1,1500000
1784182359,normal_usage,38177,37343,38645,39427,36800,32,1,691200,1766400,1260000000,1,1,1,0,1,1500000
1784182361,normal_usage,38177,37343,38645,39375,36800,32,1,691200,1766400,1260000000,1,1,1,0,1,1500000
1784182363,normal_usage,38177,37395,38697,39479,36800,32,1,1190400,1766400,1260000000,1,1,1,0,1,1500000
1784182365,normal_usage,38177,37343,38802,39687,37000,32,1,1516800,2400000,1260000000,1,1,1,0,1,1500000
1784182367,normal_usage,38229,37343,38854,39895,36800,32,1,1516800,1766400,1260000000,1,1,1,0,1,1500000
1784182369,normal_usage,38229,37395,38906,39947,36800,32,1,1190400,2400000,1260000000,1,1,1,0,1,1500000
1784182371,normal_usage,38281,37395,38958,39843,36900,32,1,1900800,2400000,1260000000,1,1,1,0,1,1500000
1784182373,normal_usage,38281,37395,38958,39843,36900,32,1,1900800,2400000,1260000000,1,1,1,0,1,1500000
1784182375,normal_usage,38333,37395,39010,40058,37100,32,1,1900800,2400000,1260000000,1,1,1,0,1,1500000
1784182377,normal_usage,38385,37395,39114,40290,37000,32,1,1900800,2400000,1260000000,1,1,1,0,1,1500000
1784182379,normal_usage,38385,37447,39218,40523,37000,32,1,1900800,2400000,1260000000,1,1,1,0,1,1500000
1784182381,normal_usage,38437,37447,39270,40639,37000,32,1,1900800,2400000,1260000000,1,1,1,0,1,1500000
1784182383,normal_usage,38489,37447,39270,40465,37000,32,1,1900800,2400000,1260000000,1,1,1,0,1,1000000
1784182386,normal_usage,38489,37500,39322,40639,37200,32,1,1900800,2400000,1260000000,1,1,1,0,1,1000000
1784182388,normal_usage,38593,37500,39479,41104,37000,32,1,1900800,2400000,1260000000,1,1,1,0,1,1000000
1784182390,normal_usage,38645,37552,39687,41395,36900,32,1,1900800,2400000,1260000000,1,1,1,0,1,1000000
1784182392,normal_usage,38750,37552,39843,41569,37100,32,1,1900800,2400000,1260000000,1,1,1,0,1,1000000
1784182394,normal_usage,38854,37604,40058,41569,37200,32,1,1900800,2400000,1260000000,1,1,1,0,1,1000000
1784182396,normal_usage,39010,37656,40174,41569,37100,32,1,940800,2400000,1260000000,1,1,1,0,1,1000000
1784182398,normal_usage,39062,37708,40116,41395,37100,32,1,940800,2400000,1260000000,1,1,1,0,1,1000000
1784182400,normal_usage,39062,37760,40000,41279,37000,32,1,1804800,2400000,465000000,1,1,1,0,1,1000000
1784182402,normal_usage,39010,37760,39947,41162,37100,32,1,1900800,2400000,465000000,1,1,1,0,1,1000000
1784182404,normal_usage,39010,37812,39791,41046,37000,32,1,1900800,2208000,465000000,1,1,1,0,1,1000000
1784182406,normal_usage,38958,37812,39687,40930,37100,32,1,1190400,2208000,465000000,1,1,1,0,1,1000000
1784182408,normal_usage,38906,37812,39635,40930,37200,32,1,1190400,2400000,1260000000,1,1,1,0,1,1000000
1784182411,normal_usage,38906,37812,39635,40988,37200,32,1,1900800,2208000,1114800000,1,1,1,0,1,1000000
1784182413,normal_usage,38906,37812,39687,40930,37100,32,1,1516800,1766400,1025000000,1,1,1,0,1,1000000
1784182415,normal_usage,38854,37812,39635,40872,37100,32,1,1900800,1766400,465000000,1,1,1,0,1,1000000
1784182417,normal_usage,38854,37812,39583,40813,37100,32,1,1516800,1344000,465000000,1,1,1,0,1,1000000
1784182419,normal_usage,38854,37812,39531,40755,37100,32,1,1900800,1766400,465000000,1,1,1,0,1,1000000
1784182421,normal_usage,38802,37812,39479,40697,37200,32,1,1900800,2400000,465000000,1,1,1,0,1,1000000
1784182423,normal_usage,38802,37812,39427,40697,37200,32,1,1900800,2400000,465000000,1,1,1,0,1,1000000
1784182425,normal_usage,38802,37812,39427,40697,37100,32,1,1900800,2208000,465000000,1,1,1,0,1,1000000
1784182427,normal_usage,38802,37812,39531,40872,37100,32,1,1516800,806400,1260000000,1,1,1,0,1,1000000
1784182429,normal_usage,38802,37760,39531,40755,37100,31,1,1190400,1766400,1260000000,1,1,1,0,1,1000000
1784182431,normal_usage,38802,37812,39531,40523,37100,31,1,1516800,1766400,1260000000,1,1,1,0,1,1000000
1784182433,normal_usage,38802,37812,39479,40465,37300,31,1,1900800,2400000,1260000000,1,1,1,0,1,1000000
1784182435,normal_usage,38802,37812,39531,40697,37200,31,1,300000,2400000,1260000000,1,1,1,0,1,1000000
1784182438,normal_usage,38854,37812,39635,41046,37400,31,1,1900800,2400000,1260000000,1,1,1,0,1,1000000
1784182440,normal_usage,38958,37812,40000,41686,37400,31,1,1900800,2400000,1260000000,1,1,1,0,1,1000000
1784182442,normal_usage,39114,37812,40406,42034,37200,31,1,1900800,2400000,1260000000,1,1,1,0,1,1000000
1784182444,normal_usage,39270,37864,40639,42093,37200,31,1,1900800,2400000,1260000000,1,1,1,0,1,1000000
1784182446,normal_usage,39375,37916,40639,41976,37200,31,1,300000,2400000,1260000000,1,1,1,0,1,1000000
1784182448,normal_usage,39427,37968,40639,42034,37200,31,1,691200,1766400,1260000000,1,1,1,0,1,1000000
1784182450,normal_usage,39427,38020,40523,41686,37200,31,1,1900800,1766400,1260000000,1,1,1,0,1,1000000
1784182452,normal_usage,39427,38072,40348,41337,37300,31,1,1516800,1766400,1260000000,1,1,1,0,1,1000000
1784182454,normal_usage,39375,38125,40232,41046,37200,31,1,1516800,300000,1260000000,1,1,1,0,1,1000000
1784182456,normal_usage,39322,38125,40058,40872,37200,31,1,1516800,300000,320000000,1,1,1,0,1,1000000
1784182458,normal_usage,39270,38125,39947,40697,37300,31,1,1900800,1766400,1260000000,1,1,1,0,1,1000000
1784182461,normal_usage,39218,38125,39843,40523,37200,31,1,1190400,1766400,1260000000,1,1,1,0,1,1000000
1784182463,normal_usage,39166,38125,39791,40523,37300,31,1,1900800,1766400,1260000000,1,1,1,0,1,1000000
1784182465,normal_usage,39114,38072,39791,40639,37200,31,1,1516800,2400000,1260000000,1,1,1,0,1,1000000
1784182467,normal_usage,39062,38072,39739,40697,37300,31,1,1516800,2400000,1260000000,1,1,1,0,1,1000000
1784182469,normal_usage,39062,38072,39739,40697,37400,31,1,1900800,2400000,1260000000,1,1,1,0,1,1000000
1784182471,normal_usage,39062,38020,39739,40813,37300,31,1,1190400,1766400,1260000000,1,1,1,0,1,1000000
1784182473,normal_usage,39062,38020,39739,40697,37200,31,1,691200,1766400,1260000000,1,1,1,0,1,1000000
1784182475,normal_usage,39010,38020,39687,40523,37200,31,1,1516800,1766400,1260000000,1,1,1,0,1,1000000
1784182477,normal_usage,39010,38020,39583,40348,37200,31,1,1900800,1766400,1260000000,1,1,1,0,1,1000000
1784182479,normal_usage,38958,38020,39531,40232,37400,31,1,1900800,2400000,1260000000,1,1,1,0,1,1000000
1784182482,normal_usage,38958,38020,39531,40348,37200,31,1,691200,1766400,1260000000,1,1,1,0,1,1000000
1784182484,normal_usage,38906,37968,39531,40290,37200,31,1,940800,1766400,1260000000,1,1,1,0,1,1000000
1784182486,normal_usage,38906,37968,39479,40348,37200,31,1,1190400,2208000,1260000000,1,1,1,0,1,1000000
1784182488,normal_usage,38906,37968,39531,40523,37200,31,1,691200,1766400,1260000000,1,1,1,0,1,1000000
1784182490,normal_usage,38906,37968,39583,40465,37400,31,1,1900800,2400000,1260000000,1,1,1,0,1,1000000
1784182492,normal_usage,38906,37968,39635,40639,37200,31,1,1900800,2208000,1260000000,1,1,1,0,1,1000000
1784182494,normal_usage,38958,37968,39635,40581,37200,31,1,691200,1766400,1260000000,1,1,1,0,1,1000000
1784182496,normal_usage,38958,37968,39583,40406,37200,31,1,300000,1766400,1260000000,1,1,1,0,1,1000000
1784182498,normal_usage,38906,37968,39583,40406,37500,31,1,1900800,2400000,1260000000,1,1,1,0,1,1000000
1784182500,normal_usage,38906,37968,39583,40581,37200,31,1,300000,1766400,1260000000,1,1,1,0,1,1000000
1784182503,normal_usage,38906,37968,39583,40581,37200,31,1,940800,1766400,1260000000,1,1,1,0,1,1000000
1784182505,normal_usage,38906,37968,39583,40523,37300,31,1,1190400,2400000,1260000000,1,1,1,0,1,1000000
1784182507,normal_usage,38958,37968,39583,40581,37300,31,1,1190400,2400000,1260000000,1,1,1,0,1,1000000
1784182509,normal_usage,38958,37968,39635,40697,37400,31,1,1900800,2400000,1260000000,1,1,1,0,1,1000000
1784182511,normal_usage,38958,37968,39687,40755,37400,31,1,1900800,2400000,1260000000,1,1,1,0,1,1000000
1784182513,normal_usage,39010,37968,39791,41104,37300,31,1,1900800,1766400,1260000000,1,1,1,0,1,1000000
1784182515,normal_usage,39010,37968,39843,41104,37300,31,1,691200,1766400,1260000000,1,1,1,0,1,1000000
1784182517,normal_usage,39062,38020,39843,40930,37200,31,1,1190400,1766400,1260000000,1,1,1,0,1,1000000
1784182519,normal_usage,39062,38020,39843,40930,37300,31,1,1900800,1766400,1260000000,1,1,1,0,1,1000000
1784182521,normal_usage,39062,38020,39791,40872,37300,31,1,1900800,1766400,1260000000,1,1,1,0,1,1000000
1784182523,normal_usage,39062,38020,39791,40813,37300,31,1,1900800,1766400,320000000,1,1,1,0,1,1000000
1784182525,normal_usage,39062,38020,39791,40755,37300,31,1,1900800,2400000,1260000000,1,1,1,0,1,1000000
1784182528,normal_usage,39062,38072,39791,40755,37400,31,1,1900800,2400000,1025000000,1,1,1,0,1,1000000
1784182530,normal_usage,39062,38020,39739,40755,37300,31,1,1516800,300000,320000000,1,1,1,0,1,1000000
1784182532,normal_usage,39062,38072,39791,40988,37300,31,1,1900800,2400000,1260000000,1,1,1,0,1,1000000
1784182534,normal_usage,39062,38072,39843,41046,37300,31,1,1190400,2400000,1260000000,1,1,1,0,1,1000000
1784182536,normal_usage,39114,38072,39895,41220,37300,31,1,1900800,2400000,1260000000,1,1,1,0,1,1000000
1784182538,normal_usage,39114,38072,39947,41395,37300,31,1,1900800,2400000,1260000000,1,1,1,0,1,1000000
1784182540,normal_usage,39166,38072,40000,41279,37300,31,1,1516800,1766400,1260000000,1,1,1,0,1,1000000
1784182542,normal_usage,39166,38072,39843,40872,37300,31,1,1900800,1766400,1260000000,1,1,1,0,1,1000000
1784182544,normal_usage,39114,38072,39739,40581,37300,31,1,1900800,2400000,1260000000,1,1,1,0,1,1000000
1784182546,normal_usage,39114,38125,39635,40348,37500,31,1,1900800,2400000,1260000000,1,1,1,0,1,1000000
1784182548,normal_usage,39062,38125,39687,40639,37500,31,1,1900800,2400000,1260000000,1,1,1,0,1,1000000
1784182550,normal_usage,39062,38125,39739,41046,37400,31,1,1900800,2208000,1260000000,1,1,1,0,1,1000000
1784182553,normal_usage,39062,38072,39791,40872,37300,31,1,1190400,300000,1260000000,1,1,1,0,1,1000000
1784182555,normal_usage,39062,38072,39739,40697,37500,31,1,1900800,2400000,1260000000,1,1,1,0,1,1000000
1784182557,normal_usage,39062,38072,39791,40988,37300,31,1,1516800,1766400,1260000000,1,1,1,0,1,1000000
1784182559,normal_usage,39062,38072,39739,40755,37300,31,1,1516800,300000,1260000000,1,1,1,0,1,1000000
1784182561,normal_usage,39062,38072,39583,40406,37300,31,1,1190400,1766400,1260000000,1,1,1,0,1,1000000
1784182563,normal_usage,39010,38072,39531,40232,37300,31,1,1516800,1766400,1260000000,1,1,1,0,1,1000000
1784182565,normal_usage,39010,38072,39427,40058,37300,31,1,1516800,300000,1260000000,1,1,1,0,1,1000000
1784182567,normal_usage,38958,38072,39375,39895,37300,31,1,1516800,300000,320000000,1,1,1,0,1,1000000
1784182569,normal_usage,38906,38072,39322,39895,37500,31,1,1900800,2400000,1260000000,1,1,1,0,1,1000000
1784182572,normal_usage,38854,38072,39375,40290,37400,31,1,940800,1766400,1260000000,1,1,1,0,1,1000000
1784182574,normal_usage,38854,38020,39375,40232,37400,31,1,1190400,2400000,1260000000,1,1,1,0,1,1000000
1784182576,normal_usage,38854,38020,39427,40290,37300,31,1,1516800,1766400,1260000000,1,1,1,0,1,1000000
1784182578,normal_usage,38854,38020,39375,40174,37300,31,1,1804800,300000,1260000000,1,1,1,0,1,1000000
1784182580,normal_usage,38854,38020,39322,40058,37300,31,1,1804800,300000,1260000000,1,1,1,0,1,1000000
1784182582,normal_usage,38854,38020,39375,40174,37300,31,1,940800,1766400,1260000000,1,1,1,0,1,1000000
1784182584,normal_usage,38802,38020,39375,40116,37300,31,1,691200,1766400,1260000000,1,1,1,0,1,1000000
1784182586,normal_usage,38802,37968,39375,40232,37300,31,1,1900800,2400000,1260000000,1,1,1,0,1,1000000
1784182588,normal_usage,38802,37968,39375,40232,37300,31,1,1516800,1766400,1260000000,1,1,1,0,1,1000000
1784182590,normal_usage,38802,37968,39427,40523,37500,31,1,1190400,2400000,1260000000,1,1,1,0,1,1000000
1784182593,normal_usage,38854,37968,39479,40581,37400,31,1,1900800,2400000,785000000,1,1,1,0,1,1000000
1784182595,normal_usage,38854,37968,39531,40697,37300,31,1,1900800,300000,320000000,1,1,1,0,1,1000000
1784182597,normal_usage,38906,37968,39583,40639,37500,31,1,1900800,2400000,1260000000,1,1,1,0,1,1000000
1784182599,normal_usage,38906,37968,39635,40872,37400,31,1,1190400,2400000,1260000000,1,1,1,0,1,1000000
1784182601,normal_usage,38958,38020,39739,40872,37400,31,1,1900800,1766400,1260000000,1,1,1,0,1,1000000
1784182603,normal_usage,39010,38020,39739,40755,37400,31,1,1516800,1766400,1260000000,1,1,1,0,1,1000000
1784182605,normal_usage,39010,38020,39739,40697,37400,31,1,1190400,1766400,1260000000,1,1,1,0,1,1000000
1784182607,normal_usage,39062,38020,39739,40755,37500,31,1,1900800,1766400,1260000000,1,1,1,0,1,1000000
1784182609,normal_usage,39062,38072,39791,40813,37400,31,1,1190400,1766400,1260000000,1,1,1,0,1,1000000
1784182611,normal_usage,39062,38072,39739,40813,37400,31,1,300000,2208000,1260000000,1,1,1,0,1,1000000
1784182613,normal_usage,39062,38072,39739,40755,37400,31,1,691200,2208000,1260000000,1,1,1,0,1,1000000
1784182615,normal_usage,39114,38125,39739,40813,37400,31,1,1900800,1766400,1260000000,1,1,1,0,1,1000000
1784182617,normal_usage,39114,38125,39739,40813,37400,31,1,691200,2208000,1260000000,1,1,1,0,1,1000000
1784182619,normal_usage,39114,38125,39739,40813,37500,31,1,1516800,1766400,1260000000,1,1,1,0,1,1000000
1784182621,normal_usage,39114,38125,39739,40813,37400,31,1,300000,1766400,1260000000,1,1,1,0,1,1000000
1784182624,normal_usage,39114,38177,39739,40813,37400,31,1,1900800,1766400,1260000000,1,1,1,0,1,1000000
1784182626,normal_usage,39114,38177,39739,40755,37500,31,1,691200,2400000,1260000000,1,1,1,0,1,1000000
1784182628,normal_usage,39114,38177,39739,40755,37500,31,1,1516800,2400000,1260000000,1,1,1,0,1,1000000
1784182630,normal_usage,39114,38177,39739,40755,37600,31,1,1900800,2400000,1260000000,1,1,1,0,1,1000000
1784182632,normal_usage,39166,38177,39791,40813,37500,31,1,1190400,2400000,1260000000,1,1,1,0,1,1000000
1784182634,normal_usage,39166,38177,39791,40813,37500,31,1,1900800,2400000,1260000000,1,1,1,0,1,1000000
1784182636,normal_usage,39166,38177,39843,40930,37700,31,1,1900800,2400000,1260000000,1,1,1,0,1,1000000
1784182638,normal_usage,39218,38177,39947,41220,37600,31,1,1900800,2400000,1260000000,1,1,1,0,1,1000000
1784182640,normal_usage,39218,38229,40058,41337,37500,31,1,1516800,1766400,1260000000,1,1,1,0,1,1000000
1784182642,normal_usage,39270,38229,40000,41220,37500,31,1,1516800,1766400,1260000000,1,1,1,0,1,1000000
1784182644,normal_usage,39270,38229,40000,41162,37500,31,1,1190400,2400000,1260000000,1,1,1,0,1,1000000
1784182646,normal_usage,39322,38281,40000,41104,37500,31,1,1900800,2400000,1260000000,1,1,1,0,1,1000000
1784182648,normal_usage,39322,38281,39947,41046,37500,31,1,1900800,1766400,1260000000,1,1,1,0,1,1000000
1784182650,normal_usage,39322,38281,40000,41046,37500,31,1,1516800,1766400,1260000000,1,1,1,0,1,1000000
1784182652,normal_usage,39322,38281,40000,40872,37500,31,1,1516800,2400000,1260000000,1,1,1,0,1,1000000
1784182655,normal_usage,39322,38333,40000,40872,37600,31,1,1900800,2208000,1260000000,1,1,1,0,1,1000000
1784182657,normal_usage,39322,38333,39947,40755,37500,31,1,1804800,2400000,1260000000,1,1,1,0,1,1000000
1784182659,normal_usage,39270,38333,39947,40930,37500,31,1,1900800,1766400,1260000000,1,1,1,0,1,1000000
1784182661,normal_usage,39322,38333,40000,41046,37600,31,1,1900800,2208000,1260000000,1,1,1,0,1,1000000
1784182663,normal_usage,39322,38333,40000,41104,37500,31,1,300000,2400000,1260000000,1,1,1,0,1,1000000
1784182665,normal_usage,39322,38333,40058,40930,37600,31,1,691200,1766400,1260000000,1,1,1,0,1,1000000
1784182667,normal_usage,39322,38333,40000,40813,37500,31,1,300000,2400000,1260000000,1,1,1,0,1,1000000
1784182669,normal_usage,39322,38333,40000,40813,37500,31,1,1190400,1766400,1260000000,1,1,1,0,1,1000000
1784182671,normal_usage,39322,38333,39947,40755,37500,31,1,1190400,1766400,1260000000,1,1,1,0,1,1000000
1784182673,normal_usage,39270,38333,39947,40930,37600,31,1,300000,1766400,1260000000,1,1,1,0,1,1000000
1784182675,normal_usage,39322,38333,39947,40988,37600,31,1,1516800,1766400,1260000000,1,1,1,0,1,1000000
1784182677,normal_usage,39322,38333,39947,40930,37600,31,1,1516800,2208000,1260000000,1,1,1,0,1,1000000
1784182679,normal_usage,39270,38333,39895,40872,37600,31,1,1190400,1766400,1260000000,1,1,1,0,1,1000000
1784182681,normal_usage,39270,38333,39895,40872,37600,31,1,1804800,1766400,1260000000,1,1,1,0,1,1000000
1784182684,normal_usage,39270,38333,39843,40872,37600,31,1,1516800,1766400,1260000000,1,1,1,0,1,1000000
1784182686,normal_usage,39270,38333,39895,40930,37600,31,1,1900800,2400000,1260000000,1,1,1,0,1,1000000
1784182688,normal_usage,39270,38333,39947,40930,37600,31,1,1900800,2400000,1260000000,1,1,1,0,1,1000000
1784182690,normal_usage,39270,38333,39895,40872,37600,31,1,300000,1766400,1260000000,1,1,1,0,1,1000000
1784182692,normal_usage,39270,38333,39843,40872,37500,31,1,1900800,1766400,1260000000,1,1,1,0,1,1000000
1784182694,normal_usage,39270,38333,39843,40813,37500,31,1,940800,1766400,1260000000,1,1,1,0,1,1000000
1784182696,normal_usage,39270,38333,39843,40872,37600,31,1,691200,1766400,1260000000,1,1,1,0,1,1000000
1784182698,normal_usage,39270,38333,39947,41279,37800,31,1,1900800,2400000,1260000000,1,1,1,0,1,1000000
1784182700,normal_usage,39322,38333,40058,41511,37600,31,1,691200,1766400,1260000000,1,1,1,0,1,1000000
1784182702,normal_usage,39322,38333,40058,41279,37600,31,1,1516800,1766400,1260000000,1,1,1,0,1,1000000
1784182704,normal_usage,39322,38333,40000,41104,37600,31,1,1190400,1766400,1260000000,1,1,1,0,1,1000000
1784182706,normal_usage,39322,38385,39947,40988,37600,31,1,940800,1766400,1260000000,1,1,1,0,1,1000000
1784182709,normal_usage,39322,38385,39895,40930,37600,31,1,1900800,1766400,1260000000,1,1,1,0,1,1000000
1784182711,normal_usage,39270,38385,39843,40813,37800,31,1,1900800,2400000,1260000000,1,1,1,0,1,1000000
1784182713,normal_usage,39270,38385,39895,41162,37600,31,1,1516800,1766400,1260000000,1,1,1,0,1,1000000
1784182715,normal_usage,39270,38385,39947,41046,37600,31,1,1804800,1766400,1260000000,1,1,1,0,1,1000000
1784182717,normal_usage,39270,38333,39843,40930,37600,31,1,1516800,1766400,1260000000,1,1,1,0,1,1000000
1784182719,normal_usage,39270,38333,39843,40872,37600,31,1,691200,1766400,1260000000,1,1,1,0,1,1000000
1784182721,normal_usage,39270,38333,39791,40813,37600,31,1,1900800,1766400,1260000000,1,1,1,0,1,1000000
1784182723,normal_usage,39218,38333,39791,40755,37600,31,1,1516800,2400000,1260000000,1,1,1,0,1,1000000
1784182725,normal_usage,39218,38333,39739,40639,37700,31,1,1900800,2400000,1260000000,1,1,1,0,1,1000000
1784182727,normal_usage,39218,38333,39791,40755,37600,31,1,1516800,1766400,1260000000,1,1,1,0,1,1000000
1784182729,normal_usage,39218,38333,39791,40755,37600,31,1,1900800,1766400,1260000000,1,1,1,0,1,1000000
1784182731,normal_usage,39218,38333,39739,40755,37700,31,1,1900800,2400000,1260000000,1,1,1,0,1,1000000
1784182734,normal_usage,39218,38333,39739,40697,37600,31,1,940800,1766400,1260000000,1,1,1,0,1,1000000
1784182736,normal_usage,39166,38333,39687,40639,37600,31,1,691200,1766400,1260000000,1,1,1,0,1,1000000
1784182738,normal_usage,39166,38333,39687,40639,37700,31,1,1190400,2400000,1260000000,1,1,1,0,1,1000000
1784182740,normal_usage,39166,38333,39739,40639,37800,31,1,1900800,2400000,1260000000,1,1,1,0,1,1000000
1784182742,normal_usage,39166,38281,39791,40755,37600,31,1,691200,1766400,1260000000,1,1,1,0,1,1000000
1784182744,normal_usage,39166,38281,39843,40813,37500,31,1,1804800,2400000,1260000000,1,1,1,0,1,1000000
1784182746,normal_usage,39218,38281,39843,40697,37700,31,1,1900800,2400000,1260000000,1,1,1,0,1,1000000
1784182748,normal_usage,39218,38281,39843,40813,37600,31,1,691200,1766400,1260000000,1,1,1,0,1,1000000
1784182750,normal_usage,39218,38281,39843,40755,37600,30,1,1190400,1766400,1260000000,1,1,1,0,1,1000000
1784182752,normal_usage,39218,38333,39843,40872,37600,30,1,1900800,2400000,1260000000,1,1,1,0,1,1000000
1784182754,normal_usage,39218,38333,39791,40813,37600,30,1,1190400,1766400,1260000000,1,1,1,0,1,1000000
1784182756,normal_usage,39218,38333,39791,40755,37600,30,1,1516800,1766400,1260000000,1,1,1,0,1,1000000
1784182758,normal_usage,39218,38281,39739,40639,37600,30,1,1900800,1766400,1260000000,1,1,1,0,1,1000000
1784182761,normal_usage,39218,38333,39791,40813,37600,30,1,1190400,2400000,1260000000,1,1,1,0,1,1000000
1784182763,normal_usage,39218,38281,39895,40930,37600,30,1,300000,1766400,1260000000,1,1,1,0,1,1000000
1784182765,normal_usage,39218,38281,39843,40697,37500,30,1,940800,1766400,1260000000,1,1,1,0,1,1000000
1784182767,normal_usage,39218,38333,39791,40523,37600,30,1,940800,1766400,1260000000,1,1,1,0,1,1000000
1784182769,normal_usage,39218,38333,39739,40465,37600,30,1,940800,300000,1260000000,1,1,1,0,1,1000000
1784182771,normal_usage,39218,38333,39791,40465,37500,30,1,1190400,1766400,1260000000,1,1,1,0,1,1000000
1784182773,normal_usage,39218,38333,39739,40348,37600,30,1,940800,1766400,1260000000,1,1,1,0,1,1000000
1784182775,normal_usage,39218,38333,39687,40290,37600,30,1,1900800,1766400,1260000000,1,1,1,0,1,1000000
1784182778,normal_usage,39166,38333,39635,40232,37500,30,1,691200,1766400,1260000000,1,1,1,0,1,1000000
1784182780,normal_usage,39166,38281,39583,40174,37500,30,1,1516800,300000,1260000000,1,1,1,0,1,1000000
1784182782,normal_usage,39114,38281,39531,40058,37500,30,1,691200,300000,1260000000,1,1,1,0,1,1000000
1784182784,normal_usage,39062,38281,39479,40000,37500,30,1,1516800,1766400,1260000000,1,1,1,0,1,1000000
1784182786,normal_usage,39062,38281,39427,39947,37500,30,1,691200,1766400,1260000000,1,1,1,0,1,1000000
1784182788,normal_usage,39010,38229,39375,39895,37500,30,1,691200,300000,1260000000,1,1,1,0,1,1000000
1784182790,normal_usage,39010,38229,39375,39895,37500,30,1,300000,1344000,1260000000,1,1,1,0,1,1000000
1784182793,normal_usage,38958,38229,39322,39895,37500,30,1,691200,300000,1260000000,1,1,1,0,1,1000000
1784182795,normal_usage,38958,38177,39322,39843,37500,30,1,1900800,300000,1260000000,1,1,1,0,1,1000000
1784182797,normal_usage,38906,38177,39270,39791,37500,30,1,1516800,300000,1260000000,1,1,1,0,1,1000000
1784182799,normal_usage,38906,38177,39270,39791,37500,30,1,691200,300000,1260000000,1,1,1,0,1,1000000
1784182801,normal_usage,38906,38177,39218,39739,37600,30,1,1516800,1766400,1260000000,1,1,1,0,1,1000000
1784182803,normal_usage,38854,38177,39218,39739,37500,30,1,300000,2208000,1260000000,1,1,1,0,1,1000000
1784182805,normal_usage,38854,38177,39218,39739,37500,30,1,691200,300000,1260000000,1,1,1,0,1,1000000
1784182808,normal_usage,38854,38125,39218,39739,37400,30,1,1190400,1766400,1260000000,1,1,1,0,1,1000000
1784182810,normal_usage,38854,38125,39166,39739,37500,30,1,1900800,1766400,1260000000,1,1,1,0,1,1000000
1784182812,normal_usage,38802,38125,39166,39687,37400,30,1,1900800,300000,1260000000,1,1,1,0,1,1000000
1784182814,normal_usage,38802,38125,39166,39687,37500,30,1,691200,300000,1260000000,1,1,1,0,1,1000000
1784182816,normal_usage,38802,38125,39218,39791,37500,30,1,1900800,1766400,1260000000,1,1,1,0,1,1000000
1784182818,normal_usage,38802,38072,39322,40174,37500,30,1,940800,2208000,1260000000,1,1,1,0,1,1000000
1784182820,normal_usage,38802,38072,39427,40348,37700,30,1,1900800,2400000,1260000000,1,1,1,0,1,1000000
1784182822,normal_usage,38854,38072,39583,40872,37600,30,1,1900800,2400000,1260000000,1,1,1,0,1,1000000
1784182824,normal_usage,38958,38072,39739,41162,37700,30,1,1900800,2400000,1260000000,1,1,1,0,1,1000000
1784182826,normal_usage,39010,38125,39843,41453,37500,30,1,300000,1766400,1260000000,1,1,1,0,1,1000000
1784182829,normal_usage,39062,38125,39947,41511,37500,30,1,1900800,2400000,1260000000,1,1,1,0,1,1000000
1784182831,normal_usage,39114,38125,39947,41337,37600,30,1,1900800,2400000,1260000000,1,1,1,0,1,1000000
1784182833,normal_usage,39166,38177,40000,41569,37600,30,1,1900800,2208000,1260000000,1,1,1,0,1,1000000
1784182835,normal_usage,39218,38229,40116,41802,37600,30,1,300000,2400000,1260000000,1,1,1,0,1,1000000
1784182837,normal_usage,39270,38229,40232,41802,37600,30,1,1900800,2400000,1260000000,1,1,1,0,1,1000000
1784182839,normal_usage,39322,38229,40232,41453,37500,30,1,300000,2208000,1260000000,1,1,1,0,1,1000000
1784182841,normal_usage,39322,38281,40116,41162,37500,30,1,1900800,1766400,1260000000,1,1,1,0,1,1000000
1784182843,normal_usage,39322,38281,39947,40872,37500,30,1,1900800,1766400,1260000000,1,1,1,0,1,1000000
1784182845,normal_usage,39270,38281,39843,40639,37500,30,1,691200,1766400,1260000000,1,1,1,0,1,1000000
1784182847,normal_usage,39218,38281,39739,40465,37500,30,1,1516800,300000,1260000000,1,1,1,0,1,1000000
1784182849,normal_usage,39166,38281,39635,40290,37500,30,1,1516800,300000,1260000000,1,1,1,0,1,1000000
1784182852,normal_usage,39114,38229,39531,40174,37500,30,1,691200,300000,1260000000,1,1,1,0,1,1000000
1784182854,normal_usage,39062,38229,39531,40174,37600,30,1,1900800,1766400,1260000000,1,1,1,0,1,1000000
1784182856,normal_usage,39062,38229,39583,40406,37500,30,1,1900800,1344000,1025000000,1,1,1,0,1,1000000
1784182858,normal_usage,39010,38177,39583,40406,37700,30,1,1900800,2400000,785000000,1,1,1,0,1,1000000
1784182860,normal_usage,39010,38177,39531,40290,37700,30,1,1516800,2400000,1260000000,1,1,1,0,1,1000000
1784182862,normal_usage,39010,38177,39531,40232,37600,30,1,1900800,2400000,1260000000,1,1,1,0,1,1000000
1784182864,normal_usage,38958,38125,39479,40174,37500,30,1,1516800,1766400,1260000000,1,1,1,0,1,1000000
1784182866,normal_usage,38958,38125,39427,40058,37500,30,1,691200,300000,1260000000,1,1,1,0,1,1000000
1784182868,normal_usage,38906,38125,39375,39947,37700,30,1,691200,2400000,1260000000,1,1,1,0,1,1000000
1784182870,normal_usage,38906,38125,39322,39947,37400,30,1,1900800,1766400,1260000000,1,1,1,0,1,1000000
1784182873,normal_usage,38906,38072,39375,39947,37500,30,1,300000,1766400,1260000000,1,1,1,0,1,1000000
1784182875,normal_usage,38854,38072,39375,39895,37400,30,1,940800,300000,1260000000,1,1,1,0,1,1000000
1784182877,normal_usage,38854,38072,39322,39895,37500,30,1,1516800,300000,320000000,1,1,1,0,1,1000000
1784182879,normal_usage,38854,38072,39270,39791,37500,30,1,1804800,300000,320000000,1,1,1,0,1,1000000
1784182881,normal_usage,38802,38020,39218,39739,37400,30,1,1900800,300000,320000000,1,1,1,0,1,1000000
1784182883,normal_usage,38802,38020,39166,39687,37400,30,1,1516800,300000,320000000,1,1,1,0,1,1000000
1784182885,normal_usage,38750,38020,39114,39583,37400,30,1,1900800,300000,320000000,1,1,1,0,1,1000000
1784182887,normal_usage,38750,37968,39062,39531,37400,30,1,1900800,300000,320000000,1,1,1,0,1,1000000
1784182890,normal_usage,38697,37968,39010,39479,37400,30,1,940800,300000,320000000,1,1,1,0,1,1000000
1784182892,normal_usage,38645,37916,38958,39427,37400,30,1,1900800,300000,320000000,1,1,1,0,1,1000000
1784182894,normal_usage,38593,37916,38958,39375,37400,30,1,300000,1056000,320000000,1,1,1,0,1,1000000
1784182896,normal_usage,38593,37916,38906,39375,37400,30,1,1900800,300000,320000000,1,1,1,0,1,1000000
1784182898,normal_usage,38593,37916,38958,39479,37500,30,1,1900800,2400000,1260000000,1,1,1,0,1,1000000
1784182900,normal_usage,38593,37864,39062,40000,37400,30,1,300000,1766400,1260000000,1,1,1,0,1,1000000
1784182902,normal_usage,38645,37864,39218,40348,37400,30,1,1900800,2400000,1260000000,1,1,1,0,1,1000000
1784182904,normal_usage,38697,37864,39479,40872,37600,30,1,1900800,2400000,1260000000,1,1,1,0,1,1000000
1784182906,normal_usage,38854,37864,39739,41104,37400,30,1,691200,1766400,1260000000,1,1,1,0,1,1000000
1784182908,normal_usage,38906,37916,39791,40930,37600,30,1,1900800,2400000,1260000000,1,1,1,0,1,1000000
1784182910,normal_usage,39010,37968,39895,41046,37400,30,1,691200,2400000,1260000000,1,1,1,0,1,1000000
1784182913,normal_usage,39062,37968,39895,41046,37400,30,1,940800,2400000,1260000000,1,1,1,0,1,1000000
1784182915,normal_usage,39062,38020,39843,40930,37500,30,1,691200,2400000,1260000000,1,1,1,0,1,1000000
1784182917,normal_usage,39062,38020,39791,40813,37400,30,1,940800,1766400,1260000000,1,1,1,0,1,1000000
1784182919,normal_usage,39062,38072,39687,40697,37500,30,1,1190400,1766400,1260000000,1,1,1,0,1,1000000
1784182921,normal_usage,39062,38072,39687,40639,37400,30,1,1900800,1766400,1260000000,1,1,1,0,1,1000000
1784182923,normal_usage,39062,38072,39635,40581,37400,30,1,1900800,1766400,1260000000,1,1,1,0,1,1000000
1784182925,normal_usage,39010,38072,39583,40348,37400,30,1,940800,1766400,1260000000,1,1,1,0,1,1000000
1784182927,normal_usage,39010,38125,39531,40290,37500,30,1,1900800,2400000,1260000000,1,1,1,0,1,1000000
1784182929,normal_usage,38958,38072,39635,40755,37500,30,1,1190400,1766400,1260000000,1,1,1,0,1,1000000
1784182931,normal_usage,39010,38072,39687,40813,37400,30,1,1900800,1766400,1260000000,1,1,1,0,1,1000000
1784182933,normal_usage,39010,38072,39739,40813,37500,30,1,300000,1766400,1260000000,1,1,1,0,1,1000000
1784182936,normal_usage,39062,38125,39739,40872,37500,30,1,1804800,2208000,1260000000,1,1,1,0,1,1000000
1784182938,normal_usage,39062,38125,39791,40930,37600,30,1,1804800,2208000,1260000000,1,1,1,0,1,1000000
1784182940,normal_usage,39062,38125,39843,41104,37600,30,1,1900800,2400000,1260000000,1,1,1,0,1,1000000
1784182942,normal_usage,39114,38125,39895,41220,37600,30,1,1190400,2400000,1260000000,1,1,1,0,1,1000000
1784182944,normal_usage,39114,38125,39947,41104,37600,30,1,1190400,2400000,600000000,1,1,1,0,1,1000000
1784182946,normal_usage,39166,38125,39895,40988,37500,30,1,1516800,300000,320000000,1,1,1,0,1,1000000
1784182948,normal_usage,39166,38177,39895,40872,37500,30,1,1900800,1344000,320000000,1,1,1,0,1,1000000
1784182950,normal_usage,39166,38177,39843,40697,37500,30,1,300000,2208000,320000000,1,1,1,0,1,1000000
1784182952,normal_usage,39114,38177,39739,40581,37400,30,1,1804800,300000,320000000,1,1,1,0,1,1000000
1784182954,normal_usage,39114,38177,39687,40465,37500,30,1,1900800,2400000,465000000,1,1,1,0,1,1000000
1784182956,normal_usage,39062,38177,39687,40697,37700,30,1,1804800,2400000,1260000000,1,1,1,0,1,1000000
1784182958,normal_usage,39114,38177,39739,40813,37600,30,1,1900800,2400000,1260000000,1,1,1,0,1,1000000
1784182960,normal_usage,39114,38177,39791,40813,37500,30,1,1190400,2400000,320000000,1,1,1,0,1,1000000
1784182963,normal_usage,39114,38177,39791,40755,37500,30,1,691200,300000,320000000,1,1,1,0,1,1000000
1784182965,normal_usage,39166,38177,39739,40639,37500,30,1,940800,1766400,1260000000,1,1,1,0,1,1000000
1784182967,normal_usage,39114,38177,39739,40465,37600,30,1,1516800,2400000,1260000000,1,1,1,0,1,1000000
1784182969,normal_usage,39114,38177,39739,40523,37600,30,1,1804800,2400000,785000000,1,1,1,0,1,1000000
1784182971,normal_usage,39114,38177,39739,40639,37600,30,1,1900800,2208000,465000000,1,1,1,0,1,1000000
1784182973,normal_usage,39166,38229,39739,40755,37500,30,1,1190400,300000,320000000,1,1,1,0,1,1000000
1784182975,normal_usage,39114,38177,39739,40581,37500,30,1,1190400,1766400,320000000,1,1,1,0,1,1000000
1784182977,normal_usage,39114,38229,39687,40465,37600,30,1,1516800,2208000,465000000,1,1,1,0,1,1000000
1784182979,normal_usage,39114,38177,39687,40465,37500,30,1,1900800,2400000,320000000,1,1,1,0,1,1000000
1784182981,normal_usage,39062,38177,39687,40581,37600,30,1,1900800,2400000,465000000,1,1,1,0,1,1000000
1784182983,normal_usage,39062,38177,39687,40639,37600,30,1,1190400,1766400,1260000000,1,1,1,0,1,1000000
1784182986,normal_usage,39062,38177,39687,40639,37600,30,1,1900800,2400000,1260000000,1,1,1,0,1,1000000
1784182988,normal_usage,39062,38125,39687,40581,37500,30,1,1900800,1344000,320000000,1,1,1,0,1,1000000
1784182990,normal_usage,39010,38125,39635,40523,37500,30,1,1900800,1056000,320000000,1,1,1,0,1,1000000
1784182992,normal_usage,39010,38125,39635,40465,37500,30,1,1900800,806400,320000000,1,1,1,0,1,1000000
1784182994,normal_usage,39010,38125,39635,40581,37600,30,1,1900800,2400000,1260000000,1,1,1,0,1,1000000
1784182996,normal_usage,39010,38125,39687,40930,37600,30,1,1900800,2400000,1260000000,1,1,1,0,1,1000000
1784182998,normal_usage,39062,38177,39791,41162,37700,30,1,1804800,2400000,1260000000,1,1,1,0,1,1000000
1784183000,normal_usage,39114,38177,39895,41337,37600,30,1,691200,2208000,1260000000,1,1,1,0,1,1000000
1784183002,normal_usage,39166,38177,40000,41395,37700,30,1,1900800,2400000,1260000000,1,1,1,0,1,1000000
1784183004,normal_usage,39218,38229,40058,41395,37600,30,1,691200,1766400,1260000000,1,1,1,0,1,1000000
1784183006,normal_usage,39218,38229,40058,41279,37700,30,1,1190400,2208000,1260000000,1,1,1,0,1,1000000
1784183008,normal_usage,39218,38229,40000,41162,37500,30,1,1190400,1766400,1260000000,1,1,1,0,1,1000000
1784183010,normal_usage,39270,38281,40058,41337,37800,30,1,1900800,2400000,1260000000,1,1,1,0,1,1000000
1784183012,normal_usage,39270,38281,40116,41744,37700,30,1,1900800,1766400,1260000000,1,1,1,0,1,1000000
1784183014,normal_usage,39322,38281,40232,41976,37600,30,1,691200,2400000,1260000000,1,1,1,0,1,1000000
1784183017,normal_usage,39375,38333,40290,41802,37600,30,1,1190400,2400000,1260000000,1,1,1,0,1,1000000
1784183019,normal_usage,39375,38333,40232,41627,37600,30,1,1900800,1766400,1260000000,1,1,1,0,1,1000000
1784183021,normal_usage,39375,38333,40174,41453,37600,30,1,300000,1766400,1260000000,1,1,1,0,1,1000000
1784183023,normal_usage,39427,38385,40116,41337,37600,30,1,1190400,1766400,1260000000,1,1,1,0,1,1000000
1784183025,normal_usage,39375,38385,40116,41279,37600,30,1,940800,1766400,1260000000,1,1,1,0,1,1000000
1784183027,normal_usage,39375,38385,40058,41220,37700,30,1,1516800,1766400,1260000000,1,1,1,0,1,1000000
1784183029,normal_usage,39375,38385,40058,41220,37600,30,1,691200,2400000,1260000000,1,1,1,0,1,1000000
1784183031,normal_usage,39375,38333,40000,41162,37700,30,1,1516800,2400000,1260000000,1,1,1,0,1,1000000
1784183033,normal_usage,39322,38333,40000,41162,37700,30,1,1900800,1766400,1260000000,1,1,1,0,1,1000000
1784183035,normal_usage,39322,38333,40000,41162,37700,30,1,940800,2208000,1260000000,1,1,1,0,1,1000000
1784183037,normal_usage,39322,38333,39947,41104,37600,30,1,1516800,1766400,1260000000,1,1,1,0,1,1000000
1784183039,normal_usage,39322,38333,39947,41046,37700,30,1,1900800,2208000,1260000000,1,1,1,0,1,1000000
1784183041,normal_usage,39322,38333,39947,41046,37600,30,1,1190400,1766400,1260000000,1,1,1,0,1,1000000
1784183043,normal_usage,39322,38333,39895,40988,37600,30,1,940800,1766400,1260000000,1,1,1,0,1,1000000
1784183045,normal_usage,39270,38333,39895,40988,37700,30,1,1900800,2400000,1260000000,1,1,1,0,1,1000000
1784183048,normal_usage,39270,38333,39895,40988,37700,30,1,1516800,2400000,1260000000,1,1,1,0,1,1000000
1784183050,normal_usage,39270,38281,39895,40988,37700,30,1,1190400,2400000,1260000000,1,1,1,0,1,1000000
1784183052,normal_usage,39270,38281,39895,40988,37600,30,1,1900800,1766400,1260000000,1,1,1,0,1,1000000
1784183054,normal_usage,39270,38281,39843,40930,37600,30,1,691200,1766400,1260000000,1,1,1,0,1,1000000
1784183056,normal_usage,39270,38281,39843,40930,37600,30,1,1516800,1766400,1260000000,1,1,1,0,1,1000000
1784183058,normal_usage,39270,38281,39843,40930,37700,30,1,940800,2208000,1260000000,1,1,1,0,1,1000000
1784183060,normal_usage,39218,38281,39843,40930,37600,30,1,1900800,2400000,1260000000,1,1,1,0,1,1000000
1784183062,normal_usage,39218,38281,39843,40930,37600,30,1,1900800,2400000,1260000000,1,1,1,0,1,1000000
1784183064,normal_usage,39218,38281,39843,40872,37600,30,1,691200,1766400,1260000000,1,1,1,0,1,1000000
1784183066,normal_usage,39218,38281,39791,40872,37600,30,1,1190400,1766400,1260000000,1,1,1,0,1,1000000
1784183068,normal_usage,39218,38281,39791,40872,37600,29,1,1190400,1766400,1260000000,1,1,1,0,1,1000000
1784183070,normal_usage,39218,38281,39791,40872,37600,29,1,1190400,1766400,1260000000,1,1,1,0,1,1000000
1784183072,normal_usage,39166,38229,39791,40813,37700,29,1,1804800,1766400,1260000000,1,1,1,0,1,1000000
1784183074,normal_usage,39218,38229,39791,40813,37600,29,1,691200,1766400,1260000000,1,1,1,0,1,1000000
1784183077,normal_usage,39166,38229,39739,40813,37600,29,1,1804800,2400000,1260000000,1,1,1,0,1,1000000
1784183079,normal_usage,39166,38229,39739,40755,37600,29,1,940800,1766400,1260000000,1,1,1,0,1,1000000
1784183081,normal_usage,39166,38229,39739,40813,37600,29,1,1900800,2400000,1260000000,1,1,1,0,1,1000000
1784183083,normal_usage,39166,38229,39739,40755,37600,29,1,1190400,2400000,1260000000,1,1,1,0,1,1000000
1784183085,normal_usage,39166,38229,39687,40755,37600,29,1,1900800,2400000,1260000000,1,1,1,0,1,1000000
1784183087,normal_usage,39114,38229,39687,40755,37600,29,1,1516800,2208000,1260000000,1,1,1,0,1,1000000
1784183089,normal_usage,39114,38177,39687,40697,37600,29,1,1516800,1766400,1260000000,1,1,1,0,1,1000000
1784183091,normal_usage,39114,38177,39687,40697,37600,29,1,1516800,2400000,1260000000,1,1,1,0,1,1000000
1784183093,normal_usage,39114,38177,39687,40697,37600,29,1,300000,2400000,1260000000,1,1,1,0,1,1000000
1784183095,normal_usage,39114,38177,39687,40755,37600,29,1,1190400,1766400,1260000000,1,1,1,0,1,1000000
1784183097,normal_usage,39114,38177,39687,40697,37600,29,1,1516800,1766400,1260000000,1,1,1,0,1,1000000
1784183099,normal_usage,39114,38177,39687,40697,37600,29,1,1900800,2400000,1260000000,1,1,1,0,1,1000000
1784183101,normal_usage,39114,38177,39635,40697,37500,29,1,1190400,1766400,1260000000,1,1,1,0,1,1000000
1784183104,normal_usage,39062,38177,39635,40639,37500,29,1,940800,1766400,1260000000,1,1,1,0,1,1000000
1784183106,normal_usage,39062,38125,39635,40639,37600,29,1,1190400,1766400,1260000000,1,1,1,0,1,1000000
1784183108,normal_usage,39062,38125,39635,40639,37600,29,1,940800,2400000,1260000000,1,1,1,0,1,1000000
1784183110,normal_usage,39062,38125,39635,40639,37500,29,1,1190400,1766400,1260000000,1,1,1,0,1,1000000
1784183112,normal_usage,39062,38125,39635,40639,37500,29,1,1804800,1766400,1260000000,1,1,1,0,1,1000000
1784183114,normal_usage,39062,38125,39583,40639,37600,29,1,691200,1766400,1260000000,1,1,1,0,1,1000000
1784183116,normal_usage,39062,38125,39635,40639,37500,29,1,300000,1766400,1260000000,1,1,1,0,1,1000000
1784183118,normal_usage,39062,38125,39635,40639,37500,29,1,300000,2400000,1260000000,1,1,1,0,1,1000000
1784183120,normal_usage,39062,38125,39583,40639,37600,29,1,1190400,1766400,1260000000,1,1,1,0,1,1000000
1784183122,normal_usage,39062,38125,39635,40639,37600,29,1,691200,2400000,1260000000,1,1,1,0,1,1000000
1784183124,normal_usage,39062,38125,39635,40639,37500,29,1,1516800,1766400,1260000000,1,1,1,0,1,1000000
1784183126,normal_usage,39062,38125,39635,40639,37500,29,1,1516800,1766400,1260000000,1,1,1,0,1,1000000
1784183128,normal_usage,39062,38125,39583,40639,37600,29,1,1190400,2208000,1260000000,1,1,1,0,1,1000000
1784183131,normal_usage,39062,38125,39583,40639,37600,29,1,1190400,2208000,1260000000,1,1,1,0,1,1000000
1784183133,normal_usage,39062,38125,39583,40639,37500,29,1,1190400,1766400,1260000000,1,1,1,0,1,1000000
1784183135,normal_usage,39062,38125,39583,40639,37500,29,1,691200,2208000,1260000000,1,1,1,0,1,1000000
1784183137,normal_usage,39010,38125,39583,40639,37500,29,1,1190400,2208000,1260000000,1,1,1,0,1,1000000
1784183139,normal_usage,39010,38125,39583,40581,37600,29,1,1516800,2400000,1260000000,1,1,1,0,1,1000000
1784183141,normal_usage,39010,38125,39583,40639,37600,29,1,1900800,1766400,1260000000,1,1,1,0,1,1000000
1784183143,normal_usage,39010,38072,39583,40581,37500,29,1,1900800,1766400,1260000000,1,1,1,0,1,1000000
1784183145,normal_usage,39062,38125,39635,40697,37700,29,1,1900800,2400000,1260000000,1,1,1,0,1,1000000
1784183147,normal_usage,39062,38125,39739,40988,37700,29,1,1900800,2400000,1260000000,1,1,1,0,1,1000000
1784183149,normal_usage,39062,38125,39843,41337,37800,29,1,1900800,2400000,1260000000,1,1,1,0,1,1000000
1784183151,normal_usage,39166,38125,40058,41686,38000,29,1,1900800,2400000,1260000000,1,1,1,0,1,1000000
1784183153,normal_usage,39270,38177,40348,42151,37600,29,1,1900800,2400000,1260000000,1,1,1,0,1,1000000
1784183156,normal_usage,39427,38177,40639,42151,37700,29,1,1900800,2400000,1260000000,1,1,1,0,1,1000000
1784183158,normal_usage,39531,38229,40755,42151,37500,29,1,1190400,1344000,465000000,1,1,1,0,1,1000000
1784183160,normal_usage,39583,38281,40755,42151,37600,29,1,1900800,2400000,1260000000,1,1,1,0,1,1000000
1784183162,normal_usage,39635,38333,40697,42151,37600,29,1,1516800,1766400,1260000000,1,1,1,0,1,1000000
1784183164,normal_usage,39635,38385,40581,41744,37600,29,1,1804800,1766400,1260000000,1,1,1,0,1,1000000
1784183166,normal_usage,39583,38385,40406,41453,37700,29,1,1900800,2400000,1260000000,1,1,1,0,1,1000000
1784183168,normal_usage,39531,38437,40348,41337,37700,29,1,1900800,2400000,1260000000,1,1,1,0,1,1000000
1784183170,normal_usage,39479,38437,40290,41511,37700,29,1,1900800,2400000,1260000000,1,1,1,0,1,1000000
1784183172,normal_usage,39479,38437,40348,41686,37700,29,1,1900800,2400000,465000000,1,1,1,0,1,1000000
1784183174,normal_usage,39479,38437,40348,41569,37700,29,1,1900800,2400000,1260000000,1,1,1,0,1,1000000
1784183176,normal_usage,39479,38437,40290,41569,37600,29,1,300000,1056000,465000000,1,1,1,0,1,1000000
1784183178,normal_usage,39479,38437,40232,41279,37700,29,1,1900800,2400000,465000000,1,1,1,0,1,1000000
1784183180,normal_usage,39427,38385,40174,41220,37600,29,1,1900800,1766400,1260000000,1,1,1,0,1,1000000
1784183183,normal_usage,39375,38385,40058,40988,37600,29,1,300000,1766400,1260000000,1,1,1,0,1,1000000
1784183185,normal_usage,39375,38385,39947,40755,37700,29,1,1900800,2400000,1260000000,1,1,1,0,1,1000000
1784183187,normal_usage,39322,38385,40000,41162,37700,29,1,1190400,2400000,1260000000,1,1,1,0,1,1000000
1784183189,normal_usage,39322,38385,40000,41220,37600,29,1,940800,2208000,1260000000,1,1,1,0,1,1000000
1784183191,normal_usage,39322,38385,40000,41162,37800,29,1,1900800,2400000,1260000000,1,1,1,0,1,1000000
1784183193,normal_usage,39322,38385,40000,41395,37800,29,1,1804800,2400000,1260000000,1,1,1,0,1,1000000
1784183195,normal_usage,39322,38385,40058,41511,37700,29,1,1900800,2400000,1260000000,1,1,1,0,1,1000000
1784183197,normal_usage,39322,38333,40058,41337,37800,29,1,1900800,2400000,1260000000,1,1,1,0,1,1000000
1784183199,normal_usage,39322,38333,40116,41569,37700,29,1,1900800,2400000,1260000000,1,1,1,0,1,1000000
1784183201,normal_usage,39375,38333,40232,41860,37700,29,1,1516800,2208000,1260000000,1,1,1,0,1,1000000
1784183203,normal_usage,39427,38385,40348,41918,37800,29,1,1900800,2400000,1260000000,1,1,1,0,1,1000000
1784183205,normal_usage,39479,38385,40406,41976,37700,29,1,1190400,1766400,1260000000,1,1,1,0,1,1000000
1784183207,normal_usage,39479,38385,40406,41802,37600,29,1,1900800,1766400,1260000000,1,1,1,0,1,1000000
1784183209,normal_usage,39479,38385,40290,41569,37600,29,1,300000,1766400,1260000000,1,1,1,0,1,1000000
1784183212,normal_usage,39479,38437,40232,41453,37700,29,1,940800,1766400,1260000000,1,1,1,0,1,1000000
1784183214,normal_usage,39479,38437,40174,41337,37700,29,1,1900800,2208000,1260000000,1,1,1,0,1,1000000
1784183216,normal_usage,39479,38437,40116,41279,37700,29,1,1900800,2208000,1260000000,1,1,1,0,1,1000000
1784183218,normal_usage,39427,38437,40116,41220,37700,29,1,1804800,2400000,1260000000,1,1,1,0,1,1000000
1784183220,normal_usage,39427,38437,40058,41104,37700,29,1,1516800,1766400,1260000000,1,1,1,0,1,1000000
1784183222,normal_usage,39427,38437,40058,41046,37700,29,1,1516800,2400000,1260000000,1,1,1,0,1,1000000
1784183224,normal_usage,39375,38437,40000,41046,37700,29,1,691200,2400000,1260000000,1,1,1,0,1,1000000
1784183226,normal_usage,39375,38437,39947,40988,37600,29,1,1804800,1766400,1260000000,1,1,1,0,1,1000000
1784183228,normal_usage,39375,38437,39947,40930,37700,29,1,1900800,2208000,1260000000,1,1,1,0,1,1000000
1784183230,normal_usage,39322,38385,39947,40930,37700,29,1,691200,1766400,1260000000,1,1,1,0,1,1000000
1784183232,normal_usage,39322,38385,40000,40988,37600,29,1,691200,1766400,1260000000,1,1,1,0,1,1000000
1784183234,normal_usage,39322,38385,39947,40930,37700,29,1,1190400,1766400,1260000000,1,1,1,0,1,1000000
1784183236,normal_usage,39322,38385,39895,40872,37700,29,1,1900800,2400000,1260000000,1,1,1,0,1,1000000
1784183238,normal_usage,39322,38333,39895,40872,37700,29,1,691200,1766400,1260000000,1,1,1,0,1,1000000
1784183241,normal_usage,39270,38333,39843,40872,37600,29,1,1900800,2208000,1260000000,1,1,1,0,1,1000000
1784183243,normal_usage,39270,38333,39895,40872,37700,29,1,691200,1766400,1260000000,1,1,1,0,1,1000000
1784183245,normal_usage,39270,38333,39895,40872,37700,29,1,300000,1766400,1260000000,1,1,1,0,1,1000000
1784183247,normal_usage,39270,38333,39843,40872,37600,29,1,1900800,1766400,1260000000,1,1,1,0,1,1000000
1784183249,normal_usage,39270,38333,39843,40813,37700,29,1,1900800,1766400,1260000000,1,1,1,0,1,1000000
1784183251,normal_usage,39218,38333,39791,40697,37600,29,1,1804800,1766400,1260000000,1,1,1,0,1,1000000
1784183253,normal_usage,39218,38333,39739,40697,37600,29,1,1516800,2400000,1260000000,1,1,1,0,1,1000000
1784183255,normal_usage,39218,38281,39739,40639,37600,29,1,1516800,1766400,1260000000,1,1,1,0,1,1000000
1784183257,normal_usage,39166,38281,39687,40581,37600,29,1,300000,1766400,1260000000,1,1,1,0,1,1000000
1784183259,normal_usage,39166,38281,39635,40523,37700,29,1,1900800,2400000,1260000000,1,1,1,0,1,1000000
1784183261,normal_usage,39114,38281,39635,40581,37600,29,1,1516800,1766400,1260000000,1,1,1,0,1,1000000
1784183263,normal_usage,39114,38281,39635,40523,37600,29,1,1804800,1766400,1260000000,1,1,1,0,1,1000000
1784183265,normal_usage,39114,38229,39635,40523,37600,29,1,1900800,1766400,1260000000,1,1,1,0,1,1000000
1784183268,normal_usage,39114,38229,39583,40523,37600,29,1,1190400,1766400,1260000000,1,1,1,0,1,1000000
1784183270,normal_usage,39114,38229,39583,40523,37600,29,1,1804800,2400000,1260000000,1,1,1,0,1,1000000
1784183272,normal_usage,39062,38229,39583,40465,37600,29,1,1804800,2400000,1260000000,1,1,1,0,1,1000000
1784183274,normal_usage,39062,38229,39635,40523,37600,29,1,300000,2400000,1260000000,1,1,1,0,1,1000000
1784183276,normal_usage,39062,38229,39635,40523,37600,29,1,300000,1766400,1260000000,1,1,1,0,1,1000000
1784183278,normal_usage,39062,38229,39583,40523,37600,29,1,1804800,1766400,1260000000,1,1,1,0,1,1000000
1784183280,normal_usage,39062,38229,39583,40523,37600,29,1,1900800,1766400,1260000000,1,1,1,0,1,1000000
1784183282,normal_usage,39062,38229,39583,40465,37600,29,1,1804800,2400000,1260000000,1,1,1,0,1,1000000
1784183284,normal_usage,39062,38229,39531,40406,37600,29,1,1900800,1766400,1260000000,1,1,1,0,1,1000000
1784183286,normal_usage,39010,38229,39531,40406,37500,29,1,1900800,2208000,1260000000,1,1,1,0,1,1000000
1784183288,normal_usage,39010,38229,39479,40348,37700,29,1,1900800,2208000,1260000000,1,1,1,0,1,1000000
1784183290,normal_usage,39010,38229,39479,40348,37500,29,1,1516800,1766400,1260000000,1,1,1,0,1,1000000
1784183292,normal_usage,39010,38177,39479,40406,37500,29,1,940800,1766400,1260000000,1,1,1,0,1,1000000
1784183295,normal_usage,38958,38177,39479,40348,37600,29,1,1900800,2400000,1260000000,1,1,1,0,1,1000000
1784183297,normal_usage,38958,38177,39531,40406,37600,29,1,1900800,2400000,1260000000,1,1,1,0,1,1000000
1784183299,normal_usage,38958,38177,39531,40406,37500,29,1,1900800,1766400,1260000000,1,1,1,0,1,1000000
1784183301,normal_usage,38958,38177,39479,40348,37500,29,1,940800,2400000,1260000000,1,1,1,0,1,1000000
1784183303,normal_usage,38958,38177,39427,40290,37500,29,1,1516800,1766400,1260000000,1,1,1,0,1,1000000
1784183305,normal_usage,38958,38125,39427,40290,37500,29,1,1900800,1766400,1260000000,1,1,1,0,1,1000000
1784183307,normal_usage,38958,38125,39427,40348,37500,29,1,1900800,1766400,1260000000,1,1,1,0,1,1000000
1784183309,normal_usage,38958,38125,39427,40290,37500,29,1,691200,2400000,1260000000,1,1,1,0,1,1000000
1784183311,normal_usage,38906,38125,39479,40290,37700,29,1,1900800,1766400,1260000000,1,1,1,0,1,1000000
1784183313,normal_usage,38958,38125,39531,40581,37700,29,1,1190400,2400000,1260000000,1,1,1,0,1,1000000
1784183315,normal_usage,38958,38125,39739,41220,37700,29,1,1900800,2400000,1260000000,1,1,1,0,1,1000000
1784183318,normal_usage,39062,38072,39947,41511,37800,29,1,1900800,2400000,1260000000,1,1,1,0,1,1000000
1784183320,normal_usage,39166,38125,40116,41744,37600,29,1,1516800,1766400,1260000000,1,1,1,0,1,1000000
1784183322,normal_usage,39270,38125,40232,41744,37600,29,1,1900800,2400000,1260000000,1,1,1,0,1,1000000
1784183324,normal_usage,39322,38177,40290,41744,37600,29,1,1900800,2400000,1260000000,1,1,1,0,1,1000000
1784183326,normal_usage,39375,38229,40290,41627,37700,29,1,1190400,2400000,1260000000,1,1,1,0,1,1000000
1784183328,normal_usage,39375,38281,40232,41511,37600,29,1,1190400,2400000,1260000000,1,1,1,0,1,1000000
1784183330,normal_usage,39375,38281,40232,41744,37700,29,1,1900800,2400000,1260000000,1,1,1,0,1,1000000
1784183332,normal_usage,39375,38333,40290,41918,37600,29,1,1900800,2400000,1260000000,1,1,1,0,1,1000000
1784183334,normal_usage,39427,38333,40290,41744,37500,29,1,1516800,1766400,1260000000,1,1,1,0,1,1000000
1784183336,normal_usage,39427,38333,40174,41337,37600,29,1,1804800,2400000,1260000000,1,1,1,0,1,1000000
1784183338,normal_usage,39375,38333,40058,40988,37500,29,1,1804800,300000,1260000000,1,1,1,0,1,1000000
1784183340,normal_usage,39322,38385,39895,40755,37500,29,1,1804800,1766400,1260000000,1,1,1,0,1,1000000
1784183343,normal_usage,39322,38385,39791,40581,37600,29,1,1516800,1766400,1260000000,1,1,1,0,1,1000000
1784183345,normal_usage,39218,38333,39687,40406,37600,29,1,1804800,300000,1260000000,1,1,1,0,1,1000000
1784183347,normal_usage,39166,38333,39635,40232,37500,29,1,300000,300000,1260000000,1,1,1,0,1,1000000
1784183349,normal_usage,39114,38333,39531,40116,37500,29,1,1190400,300000,1260000000,1,1,1,0,1,1000000
1784183351,normal_usage,39114,38281,39583,40465,37600,29,1,1900800,2400000,1260000000,1,1,1,0,1,1000000
1784183353,normal_usage,39062,38281,39635,40523,37500,29,1,1900800,1766400,1260000000,1,1,1,0,1,1000000
1784183355,normal_usage,39062,38281,39583,40406,37700,29,0,1900800,2400000,320000000,1,1,1,0,1,1000000
1784183357,normal_usage,39062,38229,39531,40348,37500,29,0,1190400,300000,320000000,1,1,1,7,0,1000000
1784183366,normal_usage,38906,38177,39166,39427,37400,29,0,1900800,1056000,320000000,1,1,1,0,0,1000000
1784183373,normal_usage,38750,38125,39010,39218,37700,29,1,1900800,2400000,1260000000,1,1,1,0,1,1000000
1784183375,normal_usage,38750,38072,39218,39947,37500,29,1,691200,2400000,1260000000,1,1,1,0,1,1000000
1784183377,normal_usage,38802,38072,39375,40523,37600,29,1,1900800,2400000,1260000000,1,1,1,0,1,1000000
1784183379,normal_usage,38854,38072,39531,40930,37400,29,1,1900800,2400000,1260000000,1,1,1,0,1,1000000
1784183381,normal_usage,38906,38072,39635,40872,37400,29,1,1516800,1766400,1260000000,1,1,1,0,1,1000000
1784183383,normal_usage,38958,38072,39531,40523,37400,29,1,1516800,1766400,1260000000,1,1,1,0,1,1000000
1784183385,normal_usage,38958,38072,39583,40523,37600,29,1,1900800,2400000,1260000000,1,1,1,0,1,1000000
1784183387,normal_usage,38958,38072,39635,40813,37400,29,1,1804800,1766400,1260000000,1,1,1,0,1,1000000
1784183390,normal_usage,39010,38125,39635,40581,37400,29,1,1516800,300000,320000000,1,1,1,0,1,1000000
1784183392,normal_usage,38958,38125,39531,40290,37600,29,1,1900800,2400000,1260000000,1,1,1,0,1,1000000
1784183394,normal_usage,38958,38125,39583,40581,37400,29,1,1900800,2400000,1260000000,1,1,1,0,1,1000000
1784183396,normal_usage,39010,38125,39635,40813,37600,29,1,1516800,2400000,1260000000,1,1,1,0,1,1000000
1784183398,normal_usage,39010,38125,39687,40930,37600,29,1,1900800,2400000,1260000000,1,1,1,0,1,1000000
1784183400,normal_usage,39010,38125,39739,40988,37500,29,1,1190400,1766400,1260000000,1,1,1,0,1,1000000
1784183402,normal_usage,39062,38125,39687,40697,37400,29,1,1516800,1766400,1260000000,1,1,1,0,1,1000000
1784183404,normal_usage,39062,38125,39583,40348,37400,29,1,1804800,1766400,1260000000,1,1,1,0,1,1000000
1784183406,normal_usage,39010,38125,39479,40174,37400,29,1,1190400,300000,1260000000,1,1,1,0,1,1000000
1784183408,normal_usage,38958,38125,39427,40000,37400,29,1,1190400,300000,320000000,1,1,1,0,1,1000000
1784183411,normal_usage,38958,38072,39322,39895,37400,29,1,1516800,300000,320000000,1,1,1,0,1,1000000
1784183413,normal_usage,38906,38072,39270,39791,37400,29,1,691200,300000,320000000,1,1,1,0,1,1000000
1784183415,normal_usage,38854,38072,39218,39687,37400,29,1,1900800,300000,320000000,1,1,1,0,1,1000000
1784183417,normal_usage,38802,38020,39166,39687,37400,29,1,1900800,300000,1260000000,1,1,1,0,1,1000000
1784183419,normal_usage,38802,38020,39114,39791,37400,29,1,1900800,300000,1025000000,1,1,1,0,1,1000000
1784183421,normal_usage,38750,38020,39114,39843,37400,29,1,1516800,1766400,1260000000,1,1,1,0,1,1000000
1784183423,normal_usage,38750,37968,39114,39739,37400,29,1,1900800,1766400,1260000000,1,1,1,0,1,1000000
1784183425,normal_usage,38697,37968,39114,39687,37400,29,1,940800,1766400,1260000000,1,1,1,0,1,1000000
1784183428,normal_usage,38697,37968,39062,39635,37300,29,1,300000,1766400,1260000000,1,1,1,0,1,1000000
1784183430,normal_usage,38697,37968,39114,39791,37400,29,1,691200,1766400,1260000000,1,1,1,0,1,1000000
1784183432,normal_usage,38697,37916,39114,39791,37300,28,1,1516800,1766400,1260000000,1,1,1,0,1,1000000
1784183434,normal_usage,38697,37916,39166,39739,37600,28,1,1900800,2400000,1260000000,1,1,1,0,1,1000000
1784183436,normal_usage,38697,37916,39218,40058,37500,28,1,691200,2400000,1260000000,1,1,1,0,1,1000000
1784183438,normal_usage,38697,37916,39270,40290,37500,28,1,1900800,2400000,1260000000,1,1,1,0,1,1000000
1784183440,normal_usage,38750,37916,39531,40930,37400,28,1,1190400,2400000,1260000000,1,1,1,0,1,1000000
1784183442,normal_usage,38854,37916,39687,41104,37400,28,1,1900800,1766400,1260000000,1,1,1,0,1,1000000
1784183444,normal_usage,38906,37916,39687,40813,37400,28,1,1900800,1766400,1260000000,1,1,1,0,1,1000000
1784183446,normal_usage,38906,37968,39583,40465,37300,28,1,1900800,1766400,1260000000,1,1,1,0,1,1000000
1784183449,normal_usage,38906,37968,39479,40232,37400,28,1,1804800,300000,1260000000,1,1,1,0,1,1000000
1784183451,normal_usage,38906,38020,39375,40000,37300,28,1,1516800,300000,1260000000,1,1,1,0,1,1000000
1784183453,normal_usage,38854,38020,39375,39895,37400,28,1,1900800,1766400,1260000000,1,1,1,0,1,1000000
1784183455,normal_usage,38802,38020,39375,40232,37600,28,1,1900800,2400000,1260000000,1,1,1,0,1,1000000
1784183457,normal_usage,38854,38020,39479,40639,37500,28,1,1516800,2208000,1260000000,1,1,1,0,1,1000000
1784183459,normal_usage,38854,38020,39583,40988,37600,28,1,1900800,2400000,1260000000,1,1,1,0,1,1000000
1784183461,normal_usage,38906,38020,39739,41104,37500,28,1,1900800,2400000,1260000000,1,1,1,0,1,1000000
1784183463,normal_usage,38958,38020,39791,41046,37600,28,1,1900800,2400000,1260000000,1,1,1,0,1,1000000
1784183465,normal_usage,39062,38020,39947,41511,37500,28,1,1516800,1766400,1260000000,1,1,1,0,1,1000000
1784183467,normal_usage,39114,38072,40058,41453,37500,28,1,1900800,2400000,1260000000,1,1,1,0,1,1000000
1784183469,normal_usage,39166,38072,40058,41279,37400,28,1,300000,1766400,1260000000,1,1,1,0,1,1000000
1784183471,normal_usage,39166,38125,40000,41104,37400,28,1,300000,1766400,1260000000,1,1,1,0,1,1000000
1784183474,normal_usage,39166,38125,40000,41104,37400,28,1,300000,1766400,1260000000,1,1,1,0,1,1000000
1784183476,normal_usage,39166,38177,39947,40872,37600,28,1,1190400,2400000,1260000000,1,1,1,0,1,1000000
1784183478,normal_usage,39166,38177,39895,40813,37500,28,1,1516800,1766400,1260000000,1,1,1,0,1,1000000
1784183480,normal_usage,39114,38177,39843,40813,37500,28,1,1900800,1766400,1260000000,1,1,1,0,1,1000000
1784183482,normal_usage,39114,38177,39843,40872,37600,28,1,1900800,2400000,1260000000,1,1,1,0,1,1000000
1784183484,normal_usage,39114,38125,39843,41046,37600,28,1,1900800,2400000,1260000000,1,1,1,0,1,1000000
1784183486,normal_usage,39114,38125,39791,40988,37400,28,1,691200,1766400,1260000000,1,1,1,0,1,1000000
1784183488,normal_usage,39114,38125,39791,40988,37600,28,1,940800,2400000,1260000000,1,1,1,0,1,1000000
1784183490,normal_usage,39114,38125,39791,40930,37500,28,1,1900800,2400000,1260000000,1,1,1,0,1,1000000
1784183492,normal_usage,39114,38125,39739,40930,37600,28,1,1900800,806400,320000000,1,1,1,0,1,1000000
1784183494,normal_usage,39114,38125,39739,40930,37500,28,1,1900800,2400000,1260000000,1,1,1,0,1,1000000
1784183496,normal_usage,39114,38125,39739,40930,37600,28,1,1516800,2400000,1260000000,1,1,1,0,1,1000000
1784183498,normal_usage,39114,38125,39739,41046,37500,28,1,691200,2400000,1260000000,1,1,1,0,1,1000000
1784183500,normal_usage,39114,38125,39791,41162,37500,28,1,940800,2208000,1260000000,1,1,1,0,1,1000000
1784183502,normal_usage,39166,38125,39843,41279,37600,28,1,1516800,2400000,1260000000,1,1,1,0,1,1000000
1784183505,normal_usage,39166,38125,39895,41337,37500,28,1,691200,2400000,1260000000,1,1,1,0,1,1000000
1784183507,normal_usage,39166,38125,40000,41337,37500,28,1,1190400,2400000,1260000000,1,1,1,0,1,1000000
1784183509,normal_usage,39218,38125,39947,41046,37500,28,1,691200,1766400,1260000000,1,1,1,0,1,1000000
1784183511,normal_usage,39218,38177,39843,40697,37400,28,1,691200,300000,1260000000,1,1,1,0,1,1000000
1784183513,normal_usage,39166,38177,39687,40523,37500,28,1,940800,300000,320000000,1,1,1,0,1,1000000
1784183515,normal_usage,39114,38177,39583,40348,37400,28,1,691200,300000,320000000,1,1,1,0,1,1000000
1784183517,normal_usage,39062,38177,39531,40174,37500,28,1,1516800,300000,320000000,1,1,1,0,1,1000000
1784183520,normal_usage,39010,38125,39427,40058,37500,28,1,1804800,300000,320000000,1,1,1,0,1,1000000
1784183522,normal_usage,38958,38125,39427,39947,37500,28,1,1900800,2400000,1260000000,1,1,1,0,1,1000000
1784183524,normal_usage,38906,38072,39375,40000,37400,28,1,691200,1766400,1260000000,1,1,1,0,1,1000000
1784183526,normal_usage,38906,38072,39322,39895,37400,28,1,940800,1766400,1260000000,1,1,1,0,1,1000000
1784183528,normal_usage,38854,38072,39270,39791,37400,28,1,691200,300000,1260000000,1,1,1,0,1,1000000
1784183530,normal_usage,38802,38020,39218,39739,37500,28,1,1900800,2400000,1260000000,1,1,1,0,1,1000000
1784183532,normal_usage,38802,38020,39166,39739,37400,28,1,1190400,1766400,1260000000,1,1,1,0,1,1000000
1784183534,normal_usage,38750,37968,39114,39687,37400,28,1,691200,1766400,1260000000,1,1,1,0,1,1000000
1784183537,normal_usage,38697,37968,39062,39635,37400,28,1,691200,300000,1260000000,1,1,1,0,1,1000000
1784183539,normal_usage,38697,37916,39062,39583,37400,28,1,300000,1766400,1260000000,1,1,1,0,1,1000000
1784183541,normal_usage,38697,37916,39062,39583,37400,28,1,691200,1766400,1260000000,1,1,1,0,1,1000000
1784183543,normal_usage,38645,37916,39010,39531,37300,28,1,691200,1766400,1260000000,1,1,1,0,1,1000000
1784183545,normal_usage,38645,37864,38958,39479,37400,28,1,940800,300000,1260000000,1,1,1,0,1,1000000
1784183547,normal_usage,38593,37864,39010,39531,37300,28,1,940800,300000,320000000,1,1,1,0,1,1000000
1784183550,normal_usage,38593,37864,39010,39479,37300,28,1,691200,300000,320000000,1,1,1,0,1,1000000
1784183552,normal_usage,38541,37812,38906,39427,37300,28,1,691200,300000,320000000,1,1,1,0,1,1000000
1784183554,normal_usage,38541,37812,38906,39375,37300,28,1,940800,300000,320000000,1,1,1,0,1,1000000
1784183556,normal_usage,38541,37864,38854,39479,37400,28,1,1900800,300000,1114800000,1,1,1,0,1,1000000
1784183558,normal_usage,38541,37864,38906,39531,37300,28,1,1804800,300000,320000000,1,1,1,0,1,1000000
1784183560,normal_usage,38489,37812,38906,39583,37300,28,1,691200,1766400,1260000000,1,1,1,0,1,1000000
1784183562,normal_usage,38489,37812,38958,39687,37300,28,1,691200,1766400,1260000000,1,1,1,0,1,1000000
1784183565,normal_usage,38541,37812,38958,39583,37300,28,1,1516800,300000,1260000000,1,1,1,0,1,1000000
1784183567,normal_usage,38489,37812,38906,39479,37300,28,1,691200,1766400,1260000000,1,1,1,0,1,1000000
1784183569,normal_usage,38489,37812,38854,39427,37300,28,1,1516800,1766400,1260000000,1,1,1,0,1,1000000
1784183571,normal_usage,38489,37812,38906,39479,37300,28,1,691200,1766400,1260000000,1,1,1,0,1,1000000
1784183573,normal_usage,38489,37812,38906,39427,37200,28,1,691200,1766400,1260000000,1,1,1,0,1,1000000
1784183575,normal_usage,38489,37760,38854,39322,37400,28,1,1900800,2400000,1260000000,1,1,1,0,1,1000000
1784183577,normal_usage,38437,37760,38906,39531,37200,28,1,1900800,1766400,1260000000,1,1,1,0,1,1000000
1784183580,normal_usage,38437,37760,38854,39427,37200,28,1,940800,1766400,1260000000,1,1,1,0,1,1000000
1784183582,normal_usage,38437,37760,38802,39375,37200,28,1,300000,300000,1260000000,1,1,1,0,1,1000000
1784183584,normal_usage,38437,37760,38750,39270,37200,28,1,940800,300000,1260000000,1,1,1,0,1,1000000
1784183586,normal_usage,38385,37708,38750,39218,37200,28,1,691200,300000,1260000000,1,1,1,0,1,1000000
1784183588,normal_usage,38385,37656,38697,39166,37200,28,1,691200,300000,1260000000,1,1,1,0,1,1000000
1784183591,normal_usage,38333,37656,38645,39114,37200,28,1,1804800,2400000,1260000000,1,1,1,0,1,1000000
1784183593,normal_usage,38333,37656,38645,39114,37200,28,1,691200,300000,320000000,1,1,1,0,1,1000000
1784183595,normal_usage,38333,37604,38645,39114,37300,28,1,1900800,2400000,320000000,1,1,1,0,1,1000000
1784183597,normal_usage,38333,37604,38645,39114,37100,28,1,691200,300000,320000000,1,1,1,0,1,1000000
1784183599,normal_usage,38281,37604,38645,39062,37100,28,1,691200,300000,320000000,1,1,1,0,1,1000000
1784183601,normal_usage,38281,37604,38593,39062,37200,28,1,691200,300000,320000000,1,1,1,0,1,1000000
1784183603,normal_usage,38281,37552,38593,39062,37100,28,1,691200,300000,320000000,1,1,1,0,1,1000000
1784183606,normal_usage,38229,37552,38541,39010,37100,28,1,1900800,300000,320000000,1,1,1,0,1,1000000
1784183608,normal_usage,38229,37552,38541,39062,37100,28,1,691200,300000,320000000,1,1,1,0,1,1000000
1784183610,normal_usage,38229,37552,38541,39010,37100,28,1,940800,300000,320000000,1,1,1,0,1,1000000
1784183612,normal_usage,38177,37500,38541,38958,37100,28,1,691200,300000,320000000,1,1,1,0,1,1000000
1784183614,normal_usage,38177,37500,38489,38958,37100,28,1,691200,300000,320000000,1,1,1,0,1,1000000
1784183616,normal_usage,38177,37500,38489,38906,37100,28,1,691200,300000,320000000,1,1,1,0,1,1000000
1784183618,normal_usage,38125,37500,38437,38906,37100,28,1,691200,300000,320000000,1,1,1,0,1,1000000
1784183621,normal_usage,38125,37447,38437,38854,37000,28,1,1900800,300000,320000000,1,1,1,0,1,1000000
1784183623,normal_usage,38125,37447,38437,38854,37000,28,1,300000,300000,320000000,1,1,1,0,1,1000000
1784183625,normal_usage,38125,37447,38437,38854,37100,28,1,691200,300000,320000000,1,1,1,0,1,1000000
1784183627,normal_usage,38125,37447,38385,38854,37000,28,1,940800,300000,320000000,1,1,1,0,1,1000000
1784183629,normal_usage,38072,37447,38385,38854,37000,28,1,940800,300000,320000000,1,1,1,0,1,1000000
1784183631,normal_usage,38072,37395,38385,38854,37000,28,1,1900800,300000,320000000,1,1,1,0,1,1000000
1784183634,normal_usage,38072,37395,38385,38802,37000,28,1,691200,300000,320000000,1,1,1,0,1,1000000
1784183636,normal_usage,38072,37395,38385,38802,37000,28,1,691200,300000,320000000,1,1,1,0,1,1000000
1784183638,normal_usage,38072,37395,38385,38854,37000,28,1,691200,300000,320000000,1,1,1,0,1,1000000
1784183640,normal_usage,38072,37395,38385,38802,37000,28,1,1516800,300000,320000000,1,1,1,0,1,1000000
1784183642,normal_usage,38020,37395,38333,38802,37000,28,1,691200,300000,320000000,1,1,1,0,1,1000000
1784183644,normal_usage,38020,37343,38333,38802,37000,28,1,691200,300000,320000000,1,1,1,0,1,1000000
1784183647,normal_usage,38020,37343,38333,38750,37000,28,1,1516800,300000,320000000,1,1,1,0,1,1000000
1784183649,normal_usage,38020,37343,38333,38750,36900,28,1,1900800,300000,320000000,1,1,1,0,1,1000000
1784183651,normal_usage,38020,37343,38281,38697,36900,28,1,940800,300000,320000000,1,1,1,0,1,1000000
1784183653,normal_usage,37968,37343,38281,38750,36900,28,1,691200,300000,320000000,1,1,1,0,1,1000000
1784183655,normal_usage,37968,37291,38281,38697,36900,28,1,940800,300000,320000000,1,1,1,0,1,1500000
1784183657,normal_usage,38125,37343,38281,38697,36900,28,1,691200,300000,320000000,1,1,1,0,1,1000000
1784183659,normal_usage,38229,37395,38333,38750,36900,28,1,300000,1056000,320000000,1,1,1,0,1,1500000
1784183662,normal_usage,38385,37447,38437,38802,37000,28,1,1516800,1766400,1260000000,1,1,1,0,1,1000000
1784183664,normal_usage,38333,37552,38541,38958,37000,28,1,1900800,300000,600000000,1,1,1,0,1,1000000
1784183666,normal_usage,38229,37500,38541,39062,37000,28,1,1900800,300000,1025000000,1,1,1,0,1,1500000
1784183668,normal_usage,38177,37500,38541,39114,36900,28,1,691200,1766400,1260000000,1,1,1,0,1,1500000
1784183670,normal_usage,38229,37500,38541,38958,37100,28,1,1900800,1766400,1260000000,1,1,1,0,1,1500000
1784183672,normal_usage,38281,37500,38645,39322,37000,28,1,1900800,2400000,1260000000,1,1,1,0,1,1000000
1784183674,normal_usage,38229,37500,38750,39739,37000,28,1,1900800,1766400,465000000,1,1,1,0,1,1000000
1784183676,normal_usage,38229,37500,38854,39687,37000,28,1,1900800,2400000,465000000,1,1,1,0,1,1500000
1784183678,normal_usage,38281,37447,38854,39635,37000,28,1,1900800,2400000,465000000,1,1,1,0,1,1000000
1784183680,normal_usage,38281,37447,38854,39739,37000,28,1,1516800,2400000,465000000,1,1,1,0,1,1000000
1784183682,normal_usage,38281,37447,38854,39791,37100,28,1,1900800,2400000,1260000000,1,1,1,0,1,1000000
1784183685,normal_usage,38281,37447,38906,40000,37000,28,1,1900800,2400000,1260000000,1,1,1,0,1,1000000
1784183687,normal_usage,38333,37500,39010,40116,37000,28,1,1900800,2400000,465000000,1,1,1,0,1,1000000
1784183689,normal_usage,38333,37447,39062,40174,37000,28,1,1900800,2400000,320000000,1,1,1,0,1,1000000
1784183691,normal_usage,38333,37447,39062,39947,37000,28,1,300000,2208000,465000000,1,1,1,0,1,1000000
1784183693,normal_usage,38385,37447,38958,39739,37100,28,1,940800,2400000,1260000000,1,1,1,0,1,1500000
1784183695,normal_usage,38333,37447,38958,39843,37000,28,1,1900800,1766400,320000000,1,1,1,0,1,1000000
1784183697,normal_usage,38333,37447,38958,39843,37000,28,1,1900800,2400000,465000000,1,1,1,0,1,1500000
1784183699,normal_usage,38333,37447,38958,39947,37000,28,1,1516800,300000,320000000,1,1,1,0,1,1000000
1784183701,normal_usage,38333,37447,39010,39947,37000,28,1,1516800,300000,320000000,1,1,1,0,1,1000000
1784183703,normal_usage,38385,37447,39010,39843,37000,28,1,691200,1766400,1260000000,1,1,1,0,1,1000000
1784183705,normal_usage,38333,37500,38958,39791,37100,28,1,1900800,2400000,1260000000,1,1,1,0,1,1000000
1784183707,normal_usage,38333,37500,38958,39843,37000,28,1,691200,300000,320000000,1,1,1,0,1,1000000
1784183710,normal_usage,38333,37500,38958,39739,37000,28,1,691200,300000,320000000,1,1,1,0,1,1000000
1784183712,normal_usage,38333,37500,38906,39583,37000,28,1,1900800,300000,320000000,1,1,1,0,1,1000000
1784183714,normal_usage,38333,37500,38854,39479,37000,28,1,1900800,2400000,320000000,1,1,1,0,1,1000000
1784183716,normal_usage,38281,37447,38854,39583,37000,28,1,1516800,300000,320000000,1,1,1,0,1,1000000
1784183718,normal_usage,38281,37447,38854,39531,36900,28,1,691200,300000,320000000,1,1,1,0,1,1000000
1784183720,normal_usage,38281,37447,38802,39531,37100,28,1,1900800,1766400,785000000,1,1,1,0,1,1000000
1784183722,normal_usage,38281,37447,38802,39635,37100,28,1,1900800,1766400,320000000,1,1,1,0,1,1000000
1784183724,normal_usage,38281,37447,38854,39635,37200,28,1,1900800,2400000,1260000000,1,1,1,0,1,1000000
1784183726,normal_usage,38281,37447,38958,40174,37200,28,1,1900800,2400000,1260000000,1,1,1,0,1,1000000
1784183729,normal_usage,38385,37447,39166,40697,37100,28,1,1900800,2400000,1260000000,1,1,1,0,1,1000000
1784183731,normal_usage,38437,37447,39322,40872,37300,28,1,1900800,2400000,1260000000,1,1,1,0,1,1000000
1784183733,normal_usage,38541,37500,39479,40930,37000,28,1,1516800,1766400,1260000000,1,1,1,0,1,1000000
1784183735,normal_usage,38645,37500,39635,40872,37000,28,1,1804800,1766400,1260000000,1,1,1,0,1,1000000
1784183737,normal_usage,38697,37552,39531,40523,37000,28,1,1190400,1766400,1260000000,1,1,1,0,1,1000000
1784183739,normal_usage,38697,37604,39427,40174,37100,28,1,1900800,1766400,1260000000,1,1,1,0,1,1000000
1784183741,normal_usage,38697,37604,39322,39947,37000,28,1,691200,1766400,1260000000,1,1,1,0,1,1000000
1784183743,normal_usage,38645,37656,39218,39843,37000,28,1,691200,1766400,1260000000,1,1,1,0,1,1000000
1784183745,normal_usage,38593,37656,39166,39687,37000,28,1,691200,300000,1260000000,1,1,1,0,1,1000000
1784183748,normal_usage,38593,37656,39114,39583,37000,28,1,691200,1766400,1260000000,1,1,1,0,1,1000000
1784183750,normal_usage,38541,37656,39010,39531,37100,28,1,691200,1766400,1260000000,1,1,1,0,1,1000000
1784183752,normal_usage,38489,37656,38958,39427,37000,28,1,940800,300000,1260000000,1,1,1,0,1,1000000
1784183754,normal_usage,38489,37604,38906,39375,37000,28,1,691200,300000,320000000,1,1,1,0,1,1000000
1784183756,normal_usage,38437,37604,38854,39322,37000,28,1,691200,300000,320000000,1,1,1,0,1,1000000
1784183758,normal_usage,38437,37604,38802,39270,37000,28,1,300000,300000,320000000,1,1,1,0,1,1000000
1784183761,normal_usage,38385,37552,38802,39270,37200,28,1,1900800,2400000,1260000000,1,1,1,0,1,1000000
1784183763,normal_usage,38385,37552,38906,39739,37100,28,1,1804800,2400000,1260000000,1,1,1,0,1,1000000
1784183765,normal_usage,38437,37552,39062,40116,37100,28,1,1900800,2400000,1260000000,1,1,1,0,1,1000000
1784183767,normal_usage,38437,37552,39218,40465,37000,28,1,1900800,2400000,1260000000,1,1,1,0,1,1000000
1784183769,normal_usage,38489,37552,39270,40465,37100,28,1,1900800,2400000,1260000000,1,1,1,0,1,1000000
1784183771,normal_usage,38541,37552,39322,40581,37200,28,1,1900800,2400000,1260000000,1,1,1,0,1,1000000
1784183773,normal_usage,38593,37552,39375,40581,37100,28,1,1900800,2400000,1260000000,1,1,1,0,1,1000000
1784183775,normal_usage,38645,37604,39375,40406,37100,28,1,1900800,2400000,1260000000,1,1,1,0,1,1000000
1784183777,normal_usage,38645,37604,39375,40232,37000,28,1,1516800,1766400,1260000000,1,1,1,0,1,1000000
1784183779,normal_usage,38645,37604,39270,40000,37100,28,1,1900800,2400000,1260000000,1,1,1,0,1,1000000
1784183781,normal_usage,38593,37656,39270,40116,37100,28,1,300000,2400000,1260000000,1,1,1,0,1,1000000
1784183783,normal_usage,38593,37656,39218,40174,37100,28,1,1516800,1766400,1260000000,1,1,1,0,1,1000000
1784183785,normal_usage,38593,37656,39218,40116,37000,28,1,691200,1766400,1260000000,1,1,1,0,1,1000000
1784183788,normal_usage,38541,37656,39114,39895,37100,28,1,691200,1766400,1260000000,1,1,1,0,1,1000000
1784183790,normal_usage,38541,37656,39062,39791,37000,28,1,691200,1766400,1260000000,1,1,1,0,1,1000000
1784183792,normal_usage,38541,37656,39062,39635,37100,28,1,300000,1766400,1260000000,1,1,1,0,1,1000000
1784183794,normal_usage,38489,37604,38906,39531,37000,28,1,691200,1766400,1260000000,1,1,1,0,1,1000000
1784183796,normal_usage,38437,37604,38958,39635,37200,28,1,1900800,2400000,1260000000,1,1,1,0,1,1000000
1784183798,normal_usage,38437,37604,39010,40174,37100,28,1,1900800,300000,320000000,1,1,1,0,1,1000000
1784183800,normal_usage,38437,37604,39062,40116,37100,28,1,1516800,300000,320000000,1,1,1,0,1,1000000
1784183802,normal_usage,38489,37604,39166,40232,37100,28,1,300000,1766400,1260000000,1,1,1,0,1,1000000
1784183804,normal_usage,38541,37604,39166,40116,37000,28,1,1516800,1766400,1260000000,1,1,1,0,1,1000000
1784183807,normal_usage,38541,37604,39114,39895,37000,28,1,1804800,1766400,1260000000,1,1,1,0,1,1000000
1784183809,normal_usage,38541,37604,39010,39739,37100,28,1,1900800,1766400,1260000000,1,1,1,0,1,1000000
1784183811,normal_usage,38489,37604,38958,39583,37000,28,1,1900800,300000,1260000000,1,1,1,0,1,1000000
1784183813,normal_usage,38437,37604,38906,39479,37000,28,1,691200,300000,1260000000,1,1,1,0,1,1000000
1784183815,normal_usage,38437,37604,38854,39375,37100,28,1,940800,1766400,1260000000,1,1,1,0,1,1000000
1784183817,normal_usage,38385,37604,38854,39531,37100,27,1,691200,1766400,1260000000,1,1,1,0,1,1000000
1784183819,normal_usage,38385,37604,38854,39531,37000,27,1,691200,1766400,1260000000,1,1,1,0,1,1000000
1784183822,normal_usage,38385,37604,38802,39427,37100,27,1,1900800,1766400,1260000000,1,1,1,0,1,1000000
1784183824,normal_usage,38333,37552,38750,39322,37000,27,1,691200,1766400,1260000000,1,1,1,0,1,1000000
1784183826,normal_usage,38333,37552,38697,39270,37000,27,1,1516800,300000,1260000000,1,1,1,0,1,1000000
1784183828,normal_usage,38281,37552,38697,39218,37000,27,1,691200,300000,1260000000,1,1,1,0,1,1000000
1784183830,normal_usage,38281,37552,38645,39114,37000,27,1,691200,300000,1260000000,1,1,1,0,1,1000000
1784183832,normal_usage,38229,37552,38593,39062,37000,27,1,691200,300000,1260000000,1,1,1,0,1,1000000
1784183834,normal_usage,38229,37500,38541,39062,37000,27,1,691200,300000,320000000,1,1,1,0,1,1000000
1784183837,normal_usage,38177,37500,38541,39062,37000,27,1,691200,300000,320000000,1,1,1,0,1,1000000
1784183839,normal_usage,38177,37500,38541,39010,37000,27,1,691200,300000,320000000,1,1,1,0,1,1000000
1784183841,normal_usage,38177,37500,38489,39010,37000,27,1,691200,300000,320000000,1,1,1,0,1,1000000
1784183843,normal_usage,38177,37447,38489,38958,37000,27,1,691200,300000,320000000,1,1,1,0,1,1000000
1784183845,normal_usage,38125,37447,38437,38906,37000,27,1,691200,300000,320000000,1,1,1,0,1,1000000
1784183847,normal_usage,38125,37447,38437,38854,36900,27,1,691200,300000,320000000,1,1,1,0,1,1000000
1784183850,normal_usage,38125,37447,38385,38854,37000,27,1,1516800,806400,320000000,1,1,1,0,1,1000000
1784183852,normal_usage,38072,37447,38489,39010,37000,27,1,1900800,2400000,1260000000,1,1,1,0,1,1000000
1784183854,normal_usage,38072,37395,38541,39166,36900,27,1,1900800,300000,320000000,1,1,1,0,1,1000000
1784183856,normal_usage,38072,37395,38541,39114,37100,27,1,1900800,2208000,785000000,1,1,1,0,1,1500000
1784183858,normal_usage,38125,37395,38645,39583,37200,27,1,1900800,2400000,1260000000,1,1,1,0,1,1000000
1784183860,normal_usage,38177,37395,38802,39791,37000,27,1,1900800,2400000,1260000000,1,1,1,0,1,1000000
1784183862,normal_usage,38229,37395,38906,39947,37000,27,1,1900800,300000,320000000,1,1,1,0,1,1000000
1784183864,normal_usage,38281,37395,38958,39947,37100,27,1,1900800,2400000,465000000,1,1,1,0,1,1000000
1784183866,normal_usage,38333,37447,39010,40000,37000,27,1,1900800,1766400,465000000,1,1,1,0,1,1000000
1784183868,normal_usage,38333,37447,39010,40000,37000,27,1,1900800,300000,320000000,1,1,1,0,1,1000000
1784183871,normal_usage,38333,37447,39010,39895,37000,27,1,1900800,300000,320000000,1,1,1,0,1,1000000
1784183873,normal_usage,38333,37447,38906,39635,37000,27,1,1190400,806400,320000000,1,1,1,0,1,1000000
1784183875,normal_usage,38333,37500,38906,39583,37000,27,1,1900800,1056000,465000000,1,1,1,0,1,1500000
1784183877,normal_usage,38333,37500,38906,39635,37000,27,1,1516800,1344000,600000000,1,1,1,0,1,1000000
1784183879,normal_usage,38333,37447,38854,39687,37100,27,1,1516800,1766400,600000000,1,1,1,0,1,1000000
1784183881,normal_usage,38333,37447,38906,39843,37000,27,1,1516800,806400,320000000,1,1,1,0,1,1000000
1784183883,normal_usage,38333,37500,38906,39791,36900,27,1,691200,300000,320000000,1,1,1,0,1,1000000
1784183885,normal_usage,38333,37447,38854,39583,37000,27,1,691200,300000,320000000,1,1,1,0,1,1500000
1784183887,normal_usage,38333,37447,38802,39427,37000,27,1,691200,300000,320000000,1,1,1,0,1,1500000
1784183890,normal_usage,38281,37447,38697,39270,36900,27,1,940800,300000,320000000,1,1,1,0,1,1000000
1784183892,normal_usage,38229,37447,38645,39218,36900,27,1,691200,300000,320000000,1,1,1,0,1,1500000
1784183894,normal_usage,38229,37447,38593,39114,37000,27,1,1900800,300000,320000000,1,1,1,0,1,1500000
1784183896,normal_usage,38177,37447,38593,39114,37100,27,1,1900800,2400000,1260000000,1,1,1,0,1,1000000
1784183898,normal_usage,38177,37447,38645,39375,36900,27,1,691200,1766400,1260000000,1,1,1,0,1,1000000
1784183900,normal_usage,38177,37447,38645,39270,36900,27,1,300000,300000,1260000000,1,1,1,0,1,1000000
1784183902,normal_usage,38177,37395,38541,39114,36900,27,1,691200,300000,1260000000,1,1,1,0,1,1500000
1784183905,normal_usage,38177,37395,38489,39010,36900,27,1,691200,300000,1260000000,1,1,1,0,1,1500000
1784183907,normal_usage,38125,37395,38489,38958,36900,27,1,691200,300000,1260000000,1,1,1,0,1,1500000
1784183909,normal_usage,38072,37395,38437,38854,36900,27,1,691200,300000,1260000000,1,1,1,0,1,1500000
1784183911,normal_usage,38072,37343,38385,38854,36900,27,1,1516800,300000,1260000000,1,1,1,0,1,1500000
1784183913,normal_usage,38072,37343,38385,38854,36900,27,1,691200,300000,1260000000,1,1,1,0,1,1500000
1784183915,normal_usage,38020,37343,38333,38750,36900,27,1,1516800,300000,1260000000,1,1,1,0,1,1500000
1784183917,normal_usage,38020,37343,38333,38750,36900,27,1,691200,300000,1260000000,1,1,1,0,1,1500000
1784183920,normal_usage,37968,37291,38281,38697,36800,27,1,1900800,300000,1260000000,1,1,1,0,1,1500000
1784183922,normal_usage,37968,37291,38281,38697,36800,27,1,691200,1766400,1260000000,1,1,1,0,1,1500000
1784183924,normal_usage,37968,37291,38333,38854,36900,27,1,1516800,1766400,1260000000,1,1,1,0,1,1500000
1784183926,normal_usage,37968,37291,38385,39062,36900,27,1,1900800,2400000,1260000000,1,1,1,0,1,1000000
1784183928,normal_usage,37968,37239,38437,39218,36800,27,1,940800,1766400,1260000000,1,1,1,0,1,1500000
1784183930,normal_usage,37968,37239,38489,39166,36900,27,1,1190400,2400000,1260000000,1,1,1,0,1,1500000
1784183932,normal_usage,38020,37239,38489,39166,36900,27,1,1900800,1766400,1260000000,1,1,1,0,1,1500000
1784183934,normal_usage,38020,37239,38541,39322,37000,27,1,1900800,2208000,1260000000,1,1,1,0,1,1500000
1784183936,normal_usage,38020,37239,38593,39427,36900,27,1,1516800,2400000,1260000000,1,1,1,0,1,1500000
1784183939,normal_usage,38072,37291,38645,39583,37000,27,1,1900800,2400000,1114800000,1,1,1,0,1,1500000
1784183941,normal_usage,38072,37239,38697,39739,36900,27,1,1900800,2400000,1260000000,1,1,1,0,1,1500000
1784183943,normal_usage,38125,37291,38802,39947,36900,27,1,1900800,2400000,1260000000,1,1,1,0,1,1500000
1784183945,normal_usage,38177,37291,38906,40058,36900,27,1,1900800,2400000,465000000,1,1,1,0,1,1000000
1784183947,normal_usage,38229,37291,38906,39895,36800,27,1,1900800,1766400,1260000000,1,1,1,0,1,1500000
1784183949,normal_usage,38229,37343,38854,39687,36800,27,1,1516800,1766400,1260000000,1,1,1,0,1,1500000
1784183951,normal_usage,38229,37343,38802,39531,36900,27,1,1516800,300000,320000000,1,1,1,0,1,1500000
1784183953,normal_usage,38229,37343,38802,39531,36800,27,1,1804800,300000,320000000,1,1,1,0,1,1500000
1784183955,normal_usage,38229,37343,38802,39427,36900,27,1,1900800,2400000,320000000,1,1,1,0,1,1500000
1784183957,normal_usage,38229,37343,38750,39375,36900,27,1,1900800,2400000,465000000,1,1,1,0,1,1000000
1784183959,normal_usage,38229,37395,38750,39375,36900,27,1,1804800,1344000,320000000,1,1,1,0,1,1500000
1784183962,normal_usage,38177,37395,38750,39375,36900,27,1,1900800,806400,320000000,1,1,1,0,1,1500000
1784183964,normal_usage,38177,37343,38697,39427,37000,27,1,1516800,2400000,465000000,1,1,1,0,1,1500000
1784183966,normal_usage,38177,37343,38750,39635,36900,27,1,1516800,2400000,465000000,1,1,1,0,1,1000000
1784183968,normal_usage,38177,37343,38802,39583,37000,27,1,1900800,2208000,465000000,1,1,1,0,1,1500000
1784183970,normal_usage,38177,37343,38802,39739,36900,27,1,691200,300000,320000000,1,1,1,0,1,1500000
1784183972,normal_usage,38229,37343,38854,39687,37000,27,1,1900800,2400000,465000000,1,1,1,0,1,1500000
1784183974,normal_usage,38229,37395,38854,39791,37000,27,1,1900800,2400000,465000000,1,1,1,0,1,1500000
1784183976,normal_usage,38229,37395,38906,39947,37100,27,1,1900800,2400000,1260000000,1,1,1,0,1,1000000
1784183978,normal_usage,38281,37395,38958,40058,37000,27,1,1900800,1344000,1114800000,1,1,1,0,1,1000000
1784183980,normal_usage,38333,37395,39010,40058,36900,27,1,300000,2208000,320000000,1,1,1,0,1,1500000
1784183982,normal_usage,38333,37395,38958,39947,36900,27,1,300000,2400000,320000000,1,1,1,0,1,1500000
1784183984,normal_usage,38333,37447,38958,39791,36900,27,1,1516800,300000,320000000,1,1,1,0,1,1000000
1784183986,normal_usage,38333,37447,38906,39739,36900,27,1,1516800,300000,320000000,1,1,1,0,1,1000000
1784183989,normal_usage,38333,37447,38906,39843,36900,27,1,1900800,2400000,1260000000,1,1,1,0,1,1500000
1784183991,normal_usage,38333,37447,38906,39843,36900,27,1,300000,2208000,1260000000,1,1,1,0,1,1500000
1784183993,normal_usage,38333,37447,38906,39687,36900,27,1,1900800,1344000,1025000000,1,1,1,0,1,1500000
1784183995,normal_usage,38333,37447,38906,39583,36900,27,1,1804800,300000,320000000,1,1,1,0,1,1500000
1784183997,normal_usage,38333,37447,38906,39791,36900,27,1,1900800,2400000,1260000000,1,1,1,0,1,1000000
1784183999,normal_usage,38333,37447,38854,39739,36900,27,1,691200,1766400,1260000000,1,1,1,0,1,1500000
1784184001,normal_usage,38281,37447,38802,39531,36900,27,1,300000,2400000,1260000000,1,1,1,0,1,1500000
1784184003,normal_usage,38281,37447,38750,39479,36900,27,1,1516800,1766400,1260000000,1,1,1,0,1,1500000
1784184005,normal_usage,38281,37447,38697,39375,36900,27,1,1516800,300000,1260000000,1,1,1,0,1,1500000
1784184007,normal_usage,38229,37447,38645,39270,36900,27,1,1516800,300000,1260000000,1,1,1,0,1,1500000
1784184009,normal_usage,38229,37447,38593,39218,36900,27,1,1804800,300000,1260000000,1,1,1,0,1,1500000
1784184012,normal_usage,38177,37447,38593,39114,36900,27,1,1516800,300000,1260000000,1,1,1,0,1,1500000
1784184014,normal_usage,38177,37447,38541,39062,36900,27,1,691200,300000,1260000000,1,1,1,0,1,1500000
1784184016,normal_usage,38125,37395,38489,39010,37000,27,1,1900800,2400000,1260000000,1,1,1,0,1,1500000
1784184018,normal_usage,38125,37395,38489,39010,36900,27,1,691200,300000,1260000000,1,1,1,0,1,1500000
1784184020,normal_usage,38072,37395,38437,38958,36900,27,1,691200,300000,1260000000,1,1,1,0,1,1500000
1784184022,normal_usage,38072,37395,38437,38906,36800,27,1,691200,300000,1260000000,1,1,1,0,1,1500000
1784184024,normal_usage,38072,37343,38385,38906,36900,27,1,691200,300000,1260000000,1,1,1,0,1,1500000
1784184027,normal_usage,38020,37343,38385,38906,36800,27,1,691200,300000,1260000000,1,1,1,0,1,1500000
1784184029,normal_usage,38020,37343,38385,38906,36800,27,1,940800,300000,1260000000,1,1,1,0,1,1500000
1784184031,normal_usage,38020,37291,38333,38854,36800,27,1,691200,300000,1260000000,1,1,1,0,1,1500000
1784184033,normal_usage,37968,37291,38333,38854,36800,27,1,1900800,300000,1260000000,1,1,1,0,1,1500000
1784184035,normal_usage,37968,37291,38333,38854,36900,27,1,1900800,300000,1260000000,1,1,1,0,1,1500000
1784184037,normal_usage,37968,37291,38333,38802,36800,27,1,940800,300000,1260000000,1,1,1,0,1,1500000
1784184040,normal_usage,37968,37291,38281,38802,36800,27,1,1900800,300000,1260000000,1,1,1,0,1,1500000
1784184042,normal_usage,37968,37291,38281,38750,36800,27,1,691200,300000,1260000000,1,1,1,0,1,1500000
1784184044,normal_usage,37916,37239,38281,38802,36800,27,1,1190400,300000,1260000000,1,1,1,0,1,1500000
1784184046,normal_usage,37916,37239,38281,38750,36800,27,1,691200,300000,1260000000,1,1,1,0,1,1500000
1784184048,normal_usage,37916,37239,38281,38802,36800,27,1,691200,300000,1260000000,1,1,1,0,1,1500000
1784184050,normal_usage,37916,37239,38281,38750,36800,27,1,691200,300000,1260000000,1,1,1,0,1,1500000
1784184053,normal_usage,37916,37239,38229,38750,36800,27,1,691200,300000,1260000000,1,1,1,0,1,1500000
1784184055,normal_usage,37916,37239,38229,38697,36800,27,1,300000,300000,1260000000,1,1,1,0,1,1500000
1784184057,normal_usage,37916,37239,38281,38854,37000,27,1,1804800,2400000,1260000000,1,1,1,0,1,1500000
1784184059,normal_usage,37916,37187,38385,39375,36900,27,1,1900800,2208000,1260000000,1,1,1,0,1,1500000
1784184061,normal_usage,37968,37187,38489,39583,36800,27,1,1900800,2400000,1260000000,1,1,1,0,1,1000000
1784184063,normal_usage,38020,37187,38645,39739,36800,27,1,300000,1766400,1260000000,1,1,1,0,1,1500000
1784184065,normal_usage,38072,37239,38697,39531,36800,27,1,1900800,1766400,1260000000,1,1,1,0,1,1500000
1784184067,normal_usage,38072,37239,38593,39322,36800,27,1,1516800,1766400,1260000000,1,1,1,0,1,1500000
1784184069,normal_usage,38125,37239,38697,39531,37200,27,1,1900800,2400000,1260000000,1,1,1,0,1,1500000
1784184072,normal_usage,38177,37291,38854,40058,36900,27,1,1900800,1766400,1260000000,1,1,1,0,1,1500000
1784184074,normal_usage,38229,37291,39010,40116,36900,27,1,1900800,2400000,1260000000,1,1,1,0,1,1500000
1784184076,normal_usage,38281,37291,39062,40174,36900,27,1,300000,2400000,1260000000,1,1,1,0,1,1500000
1784184078,normal_usage,38333,37343,39062,40058,37000,27,1,1900800,2400000,785000000,1,1,1,0,1,1500000
1784184080,normal_usage,38333,37395,39062,40000,36800,27,1,1516800,300000,320000000,1,1,1,0,1,1500000
1784184082,normal_usage,38333,37395,39010,39843,36900,27,1,1900800,1766400,1260000000,1,1,1,0,1,1500000
1784184084,normal_usage,38333,37447,38958,39739,36900,27,1,1900800,1766400,1260000000,1,1,1,0,1,1500000
1784184086,normal_usage,38333,37447,38958,39739,36900,27,1,691200,1766400,1260000000,1,1,1,0,1,1500000
1784184088,normal_usage,38333,37447,38906,39635,36800,27,1,691200,1766400,1260000000,1,1,1,0,1,1500000
1784184090,normal_usage,38281,37447,38906,39687,37200,27,1,1900800,2400000,1260000000,1,1,1,0,1,1500000
